,3BHOBBY,2408 POPO,,2500,,,,,,,,,,,,,,,,id
,3BHOBBY,3BR 1406,,4000,,,,,,,,,,,,,,,,
,3BHOBBY,3BR 1202,,8500,,,,,,,,,,,,,,,,
,3BHOBBY,B 65,,,,,,,,,,,,,,,,,,
,3BHOBBY,3BR 1505,,2950,,,,,,,,,,,,,,,,
,3BHOBBY,3BR 0802,,18000,,,,,,,,,,,,,,,,
,3BHOBBY,3BR 2206,,1800,,,,,,,,,,,,,,,,
,3BHOBBY,B 75,,1900,,,,,,,,,,,,,,,,
,3BHOBBY,3214,,1200,,,,,,,,,,,,,,,,
,3BHOBBY,3BR 1506,,3000,,,,,,,,,,,,,,,,
,3BHOBBY,3BR 0802,,12000,,,,,,,,,,,,,,,,
,3BHOBBY,3BR 1507,,3250,,,,,,,,,,,,,,,,
,3BHOBBY,3BR 0806,,7500,,,,,,,,,,,,,,,,
,3BHOBBY,2407 PRO,,2100,,,,,,,,,,,,,,,,
,3BHOBBY,3BR 2004,,3100,,,,,,,,,,,,,,,,
,3BHOBBY,3BR 2206,,2600,,,,,,,,,,,,,,,,
,3BHOBBY,3BR 2004,,1750,,,,,,,,,,,,,,,,
,3BHOBBY,3BR 1104,,4500,,,,,,,,,,,,,,,,
,3BHOBBY,3BR 1405,,3250,,,,,,,,,,,,,,,,
,3BHOBBY,3BR 1408,,3600,,,,,,,,,,,,,,,,
,3BHOBBY,3BT 2306,,2500,,,,,,,,,,,,,,,,
,3BHOBBY,3BR 1206,,5000,,,,,,,,,,,,,,,,
,3BHOBBY,3BF 2306,,2600,,,,,,,,,,,,,,,,
,3BHOBBY,3BR 1504,,3950,,,,,,,,,,,,,,,,
,3BHOBBY,3BR 1805,,2500,,,,,,,,,,,,,,,,
,3BHOBBY,2408 PRO II,,2500,,,,,,,,,,,,,,,,
,3BHOBBY,3BR 1407,,3000,,,,,,,,,,,,,,,,
,3BHOBBY,3BR 1407,,4000,,,,,,,,,,,,,,,,
,3BHOBBY,3BR 1606,,1600,,,,,,,,,,,,,,,,
,3BHOBBY,3BR 1306,,3600,,,,,,,,,,,,,,,,
,3BHOBBY,3BR 08028,,12000,,,,,,,,,,,,,,,,
,3BHOBBY,3BT 2306,,2100,,,,,,,,,,,,,,,,
,3BHOBBY,2407 PRO,,1700,,,,,,,,,,,,,,,,
,3BHOBBY,3BR 1404,,2750,,,,,,,,,,,,,,,,
,3BHOBBY,3BR 1408,,3200,,,,,,,,,,,,,,,,
,3BHOBBY,3BR 1506,,4350,,,,,,,,,,,,,,,,
,3BHOBBY,2407 PRO,,2600,,,,,,,,,,,,,,,,
,3BHOBBY,3BR 1805,,1500,,,,,,,,,,,,,,,,
,3BHOBBY,3BR 1202,,6000,,,,,,,,,,,,,,,,
,3BHOBBY,2407 PRO,,2400,,,,,,,,,,,,,,,,
,3BHOBBY,3BR 1504,,2950,,,,,,,,,,,,,,,,
,3BHOBBY,3BR RAY7,,,,,,,,,,,,,,,,,,
,3BHOBBY,3BR 1105,,7500,,,,,,,,,,,,,,,,
,3BHOBBY,3BR 0804,,11900,,,,,,,,,,,,,,,,
,3BHOBBY,3BR 1206,,6500,,,,,,,,,,,,,,,,
,3BHOBBY,3BR 1204,,7000,,,,,,,,,,,,,,,,
,3BHOBBY,3BR 1205,,5000,,,,,,,,,,,,,,,,
,3BHOBBY,3BR 0802,,13500,,,,,,,,,,,,,,,,
,3BHOBBY,3BF 2306,,1800,,,,,,,,,,,,,,,,
,3BHOBBY,3BR 08028,,16000,,,,,,,,,,,,,,,,
,3BHOBBY,3BR 1103,,8500,,,,,,,,,,,,,,,,
,3BHOBBY,3BR 1105,,6000,,,,,,,,,,,,,,,,
,3BHOBBY,4218,,350,,,,,,,,,,,,,,,,
,3BHOBBY,3BR 1408,,2800,,,,,,,,,,,,,,,,
,3BHOBBY,3BR 1403,,3600,,,,,,,,,,,,,,,,
,3BHOBBY,3BR 2206,,2200,,,,,,,,,,,,,,,,
,3BHOBBY,3BR 1507,,4350,,,,,,,,,,,,,,,,
,3BHOBBY,3BR 1103,,6000,,,,,,,,,,,,,,,,
,3BHOBBY,3BR 1106,,7500,,,,,,,,,,,,,,,,
,3BHOBBY,3214,,900,,,,,,,,,,,,,,,,
,3BHOBBY,3BR 1505,,3950,,,,,,,,,,,,,,,,
,3BHOBBY,3BR 1404,,4350,,,,,,,,,,,,,,,,
,3BHOBBY,2408 POPO,,1900,,,,,,,,,,,,,,,,
,3BHOBBY,3BR 1503,,3900,,,,,,,,,,,,,,,,
,3BHOBBY,3BT 2306,,1700,,,,,,,,,,,,,,,,
,3BHOBBY,3BR 2005,,,,,,,,,,,,,,,,,,
,3BHOBBY,3BR 0804,,7100,,,,,,,,,,,,,,,,
,3BHOBBY,3BR 1102,,,,,,,,,,,,,,,,,,
,3BHOBBY,4218,,540,,,,,,,,,,,,,,,,
,3BHOBBY,3BT 2306,,2700,,,,,,,,,,,,,,,,
,3BHOBBY,3BR 1106,,6000,,,,,,,,,,,,,,,,
,3BHOBBY,3BR 1104,,6500,,,,,,,,,,,,,,,,
,3BHOBBY,3BR 1405,,4000,,,,,,,,,,,,,,,,
,3BHOBBY,3BR 1606,,2650,,,,,,,,,,,,,,,,
,3BHOBBY,3BR 0806,,6200,,,,,,,,,,,,,,,,
,3BHOBBY,3BR 1406,,3150,,,,,,,,,,,,,,,,
,3BHOBBY,3214,,640,,,,,,,,,,,,,,,,
,3BHOBBY,3BR 1503,,3000,,,,,,,,,,,,,,,,
,3BHOBBY,2408 PRO II,,1900,,,,,,,,,,,,,,,,
,3BHOBBY,3BR 1403,,5000,,,,,,,,,,,,,,,,
,3BHOBBY,3BR 1204,,5500,,,,,,,,,,,,,,,,
,Amax,Superleggera 2305.5,,2550,,,,,,,,,,,,,,,,
,Amax,Performante 1305,,7500,,,,,,,,,,,,,,,,
,Amax,Performante 2306,,1950,,,,,,,,,,,,,,,,
,Amax,Performante 2207,,1750,,,,,,,,,,,,,,,,
,Amax,Performante 2306,,2550,,,,,,,,,,,,,,,,
,Amax,1103,,5000,89,14.30,3.8,1-3S,1.5M,Tige,9,,,1000,9N12P,,850,3,,
,Amax,Superleggera 2305.5,,1750,,,,,,,,,,,,,,,,
,Amax,Performante 2306,,1750,,,,,,,,,,,,,,,,
,Amax,Performante 1303,,5000,,,,,,,,,,,,,,,,
,Amax,1106,,5000,,,,,,,,,,,,,,,,
,Amax,Superleggera 2305.5,,1950,,,,,,,,,,,,,,,,
,Amax,1103,,7500,,,,,,,,,,,,,,,,
,Amax,Performante 2207,,2550,,,,,,,,,,,,,,,,
,Amax,Performante 2207,,1950,,,,,,,,,,,,,,,,
,Amax,1103,,7500,,,3.8,1-2S,,Tige,,,,,,,,3,,
,Armattan,OOPH VELVET EDITION 2206,,2300,,,,,,,,,,,,,,,,
,Armattan,TOA Premium 2306,,1750,,,,,,,,,,,,,,,,
,Armattan,1306,,3500,,,,,,,,,,,,,,,,
,Armattan,SE RACE SERIES 1806,,2550,,,,,,,,,,,,,,,,
,Armattan,MICRO 1103,,8000,,,,,,,,,,,,,,,,
,Armattan,OOMPH 2205,,2550,,,,,,,,,,,,,,,,
,Armattan,OOMPH TITAN EDITION 2306,,2450,,,,,,,,,,,,,,,,
,Armattan,TOA Premium 2306,,2150,,,,,,,,,,,,,,,,
,Armattan,OOMPH TITAN MINI 1407,,3650,,,,,,,,,,,,,,,,
,Armattan,SABOTAGERC BOOTY 2306,,2300,,,,,,,,,,,,,,,,
,Armattan,SS 2306,,2400,,,,,,,,,,,,,,,,
,Armattan,OOMPH 1407,,3850,,,,,,,,,,,,,,,,
,Armattan,1204,,5000,,,,,,,,,,,,,,,,
,Armattan,UNDERDOG 2306,,2150,,,,,,,,,,,,,,,,
,AstroX,EXTREAM MOTOR 2207,,2700,,,,,,,,,,,,,,,,
,BetaFPV,1103,,15000,,,,,,,,,,,,,,,,
,BetaFPV,0802SE,,19500,,,,,,,,,,,,,,,,
,BetaFPV,2004,,3000,,,,,,,,,,,,,,,,
,BetaFPV,1805,,1550,,,,,,,,,,,,,,,,
,BetaFPV,1103,,8000,,,,,,,,,,,,,,,,
,BetaFPV,1106,,3800,,,,,,,,,,,,,,,,
,BetaFPV,1105,,5000,,,,,,,,,,,,,,,,
,BetaFPV,1404,,3800,,,,,,,,,,,,,,,,
,BetaFPV,1606,,2550,,,,,,,,,,,,,,,,
,BetaFPV,0802SE,,22000,,,,,,,,,,,,,,,,
,BetaFPV,1204,,5000,,,,,,,,,,,,,,,,
,BetaFPV,1102,,18000,,,,,,,,,,,,,,,,
,BetaFPV,O603,,16000,,,,,,,,,,,,,,,,
,BetaFPV,O603,,19000,,,,,,,,,,,,,,,,
,BetaFPV,2004,,1700,,,,,,,,,,,,,,,,
,BetaFPV,1506,,3000,,,,,,,,,,,,,,,,
,BetaFPV,1105,,6000,,,,,,,,,,,,,,,,
,BetaFPV,1805,,2550,,,,,,,,,,,,,,,,
,BetaFPV,1606,,1550,,,,,,,,,,,,,,,,
,BetaFPV,1103,,11000,,,,,,,,,,,,,,,,
,BetaFPV,1102,,13500,,,,,,,,,,,,,,,,
,BetaFPV,08028,,12000,,,,,,,,,,,,,,,,
,BetaFPV,1106,,4500,,,,,,,,,,,,,,,,
,BetaFPV,1505,,3600,,,,,,,,,,,,,,,,
,BrotherHobby,RETURNER R3 2206,,2140,,,,,,,,,,,,,,,,
,BrotherHobby,TORNADO T5 3115 PRO,,900,,,,,,,,,,,,,,,,
,BrotherHobby,RETURNER R4 1806,,2850,,,,,,,,,,,,,,,,
,BrotherHobby,RETURNER R6 2205 RAINBOW,,1750,,,,,,,,,,,,,,,,
,BrotherHobby,LPD 2806.5,,1700,,,,,,,,,,,,,,,,
,BrotherHobby,TORNADO T7 4215 X CLASS,,520,,,,,,,,,,,,,,,,
,BrotherHobby,TORNADO T2 2206,,1800,,,,,,,,,,,,,,,,
,BrotherHobby,MAX 7212,,130,,,,,,,,,,,,,,,,
,BrotherHobby,VY 2004 ULTRALIGHT,,1700,,,,,,,,,,,,,,,,
,BrotherHobby,VY 1507,,3100,,,,,,,,,,,,,,,,
,BrotherHobby,RETURNER R3 2206,,2600,,,,,,,,,,,,,,,,
,BrotherHobby,RETURNER R6 2205 RAINBOW,,2700,,,,,,,,,,,,,,,,
,BrotherHobby,AVENGER 2810,,1500,,,,,,,,,,,,,,,,
,BrotherHobby,TORNADO T1 1407,,2800,,,,,,,,,,,,,,,,
,BrotherHobby,SPEED SHIELD 2207.5 V2,,1560,,,,,,,,,,,,,,,,
,BrotherHobby,REUNION 2318,,1250,,,,,,,,,,,,,,,,
,BrotherHobby,AVENGER 2810,,860,,,,,,,,,,,,,,,,
,BrotherHobby,TORNADO T1 1407,,4100,,,,,,,,,,,,,,,,
,BrotherHobby,AVENGER 2810,,1180,,,,,,,,,,,,,,,,
,BrotherHobby,SPEED SHIELD 2207.5 V2,,1750,,,,,,,,,,,,,,,,
,BrotherHobby,AVENGER 1507,,3600,,,,,,,,,,,,,,,,
,BrotherHobby,TORNADO T2 2206,,2450,,,,,,,,,,,,,,,,
,BrotherHobby,TORNADO T10 5215 PRO X CLASS,,330,,,,,,,,,,,,,,,,
,BrotherHobby,RETURNER R3 2207,,2400,,,,,,,,,,,,,,,,
,BrotherHobby,SPEED SHIELD 2207.5 V2,,2400,,,,,,,,,,,,,,,,
,BrotherHobby,RETURNER R3 2206,,1720,,,,,,,,,,,,,,,,
,BrotherHobby,RETURNER R2 2205,,2800,,,,,,,,,,,,,,,,
,BrotherHobby,VY 2004 ULTRALIGHT,,1950,,,,,,,,,,,,,,,,
,BrotherHobby,RETURNER R5 2207,,2700,,,,,,,,,,,,,,,,
,BrotherHobby,RETURNER R2 2205,,1750,,,,,,,,,,,,,,,,
,BrotherHobby,AVENGER 2808,,1900,,,,,,,,,,,,,,,,
,BrotherHobby,AVENGER 2207.5 V3,,1900,,,,,,,,,,,,,,,,
,BrotherHobby,SPEED SHIELD 2207.5 V3,,2700,,,,,,,,,,,,,,,,
,BrotherHobby,RETURNER R3 1103,,8000,,,,,,,,,,,,,,,,
,BrotherHobby,REUNION 2318,,890,,,,,,,,,,,,,,,,
,BrotherHobby,MAX 10012,,98,,,,,,,,,,,,,,,,
,BrotherHobby,TORNADO T2 2206,,2600,,,,,,,,,,,,,,,,
,BrotherHobby,RETURNER R6 2306 RAINBOW,,1660,,,,,,,,,,,,,,,,
,BrotherHobby,AVENGER 2812 V2,,1115,,,,,,,,,,,,,,,,
,BrotherHobby,AVENGER 2808,,1500,,,,,,,,,,,,,,,,
,BrotherHobby,DXA 2207.5,,1750,,,,,,,,,,,,,,,,
,BrotherHobby,SPEED SHIELD 2207.5 V2,,2700,,,,,,,,,,,,,,,,
,BrotherHobby,AVENGER SE 2004,,1700,,,,,,,,,,,,,,,,
,BrotherHobby,AVENGER SE 2004,,3150,,,,,,,,,,,,,,,,
,BrotherHobby,TORNADO 2205,,2300,,,,,,,,,,,,,,,,
,BrotherHobby,AVENGER 1507,,2800,,,,,,,,,,,,,,,,
,BrotherHobby,AVENGER 2806.5,,1700,,,,,,,,,,,,,,,,
,BrotherHobby,RETURNER R4 2205,,2700,,,,,,,,,,,,,,,,
,BrotherHobby,VY 1504.5,,2650,,,,,,,,,,,,,,,,
,BrotherHobby,GOM2207.5,,2500,,,,,,,,,,,,,,,,
,BrotherHobby,RETURNER R3 1404,,2900,,,,,,,,,,,,,,,,
,BrotherHobby,MAX 6210,,167,,,,,,,,,,,,,,,,
,BrotherHobby,RETURNER R6 2207 RAINBOW,,1750,,,,,,,,,,,,,,,,
,BrotherHobby,AVENGER 1507,,4100,,,,,,,,,,,,,,,,
,BrotherHobby,AVENGER 2510,,1030,,,,,,,,,,,,,,,,
,BrotherHobby,LPD 2306.5,,2000,,,,,,,,,,,,,,,,
,BrotherHobby,RETURNER R3 2207,,1660,,,,,,,,,,,,,,,,
,BrotherHobby,RETURNER R5 2207,,2500,,,,,,,,,,,,,,,,
,BrotherHobby,AVENGER 2306.5 V3,,2450,,,,,,,,,,,,,,,,
,BrotherHobby,RETURNER R4 2205,,2450,,,,,,,,,,,,,,,,
,BrotherHobby,AVENGER 2806.5,,1300,,,,,,,,,,,,,,,,
,BrotherHobby,RETURNER R5 2306 DEADPOOL,,2650,,,,,,,,,,,,,,,,
,BrotherHobby,RETURNER R6 2207 PRO,,2550,,,,,,,,,,,,,,,,
,BrotherHobby,RETURNER R2 2205,,2600,,,,,,,,,,,,,,,,
,BrotherHobby,VY 1507,,1900,,,,,,,,,,,,,,,,
,BrotherHobby,SPEED SHIELD 2207.5 V2,,3400,,,,,,,,,,,,,,,,
,BrotherHobby,TORNADO Y3 2306,,2650,,,,,,,,,,,,,,,,
,BrotherHobby,AVENGER 2812 V3,,1115,,,,,,,,,,,,,,,,
,BrotherHobby,AVENGER 2507 V2,,1500,,,,,,,,,,,,,,,,
,BrotherHobby,RETURNER R3 1402,,9500,,,,,,,,,,,,,,,,
,BrotherHobby,AVENGER 2812 V3,,900,,,,,,,,,,,,,,,,
,BrotherHobby,TORNADO T10 5215 PRO X CLASS,,500,,,,,,,,,,,,,,,,
,BrotherHobby,TORNADO 2205,,2800,,,,,,,,,,,,,,,,
,BrotherHobby,RETURNER R8 2208,,2400,,,,,,,,,,,,,,,,
,BrotherHobby,AVENGER 0804,,1000,,,,,,,,,,,,,,,,
,BrotherHobby,SPEED SHIELD 2207.5 V3,,1920,,,,,,,,,,,,,,,,
,BrotherHobby,TORNADO T1 1407,,3600,,,,,,,,,,,,,,,,
,BrotherHobby,UC 2207,,1750,,,,,,,,,,,,,,,,
,BrotherHobby,RETURNER R5 2207,,2400,,,,,,,,,,,,,,,,
,BrotherHobby,VENOM 2206,,2600,,,,,,,,,,,,,,,,
,BrotherHobby,RETURNER R3 1106,,7100,,,,,,,,,,,,,,,,
,BrotherHobby,RETURNER R6 2207 RAINBOW,,2400,,,,,,,,,,,,,,,,
,BrotherHobby,AVENGER 2810,,960,,,,,,,,,,,,,,,,
,BrotherHobby,REUNION 2318,,1450,,,,,,,,,,,,,,,,
,BrotherHobby,SPEED SHIELD 2207.5 V2,,2108,,,,,,,,,,,,,,,,
,BrotherHobby,RETURNER R6 2207 RAINBOW,,2700,,,,,,,,,,,,,,,,
,BrotherHobby,VY 1507,,1550,,,,,,,,,,,,,,,,
,BrotherHobby,TORNADO T5 3115 PRO,,1050,,,,,,,,,,,,,,,,
,BrotherHobby,RETURNER R3 2207,,2550,,,,,,,,,,,,,,,,
,BrotherHobby,RETURNER R4 2206,,2700,,,,,,,,,,,,,,,,
,BrotherHobby,DXA 2207.5,,1920,,,,,,,,,,,,,,,,
,BrotherHobby,VY 1504.5,,2950,,,,,,,,,,,,,,,,
,BrotherHobby,RETURNER R3 1404,,3650,,,,,,,,,,,,,,,,
,BrotherHobby,AVENGER 0804,,15000,,,,,,,,,,,,,,,,
,BrotherHobby,VY 1507,,4150,,,,,,,,,,,,,,,,
,BrotherHobby,RETURNER R2 2205,,2300,,,,,,,,,,,,,,,,
,BrotherHobby,GOM2207.5,,1920,,,,,,,,,,,,,,,,
,BrotherHobby,RETURNER R3 1402,,8100,,,,,,,,,,,,,,,,
,BrotherHobby,AVENGER 2510,,1380,,,,,,,,,,,,,,,,
,BrotherHobby,AVENGER 2507 V2,,1200,,,,,,,,,,,,,,,,
,BrotherHobby,RETURNER R5 2306 REDHULK,,2650,,,,,,,,,,,,,,,,
,BrotherHobby,RETURNER R7 4008,,490,,,,,,,,,,,,,,,,
,BrotherHobby,LPD 2806.5,,1300,,,,,,,,,,,,,,,,
,BrotherHobby,TORNADO T7 4215 X CLASS,,800,,,,,,,,,,,,,,,,
,BrotherHobby,SPEED SHIELD 2207.5 V3,,2400,,,,,,,,,,,,,,,,
,BrotherHobby,TORNADO Y3 2306,,2450,,,,,,,,,,,,,,,,
,BrotherHobby,ENGINEERX 2307,,2500,,,,,,,,,,,,,,,,
,BrotherHobby,TORNADO 2205,,2600,,,,,,,,,,,,,,,,
,BrotherHobby,VY 1504.5,,3950,,,,,,,,,,,,,,,,
,BrotherHobby,RETURNER R4 2206,,2600,,,,,,,,,,,,,,,,
,BrotherHobby,RETURNER R3 1103,,11000,,,,,,,,,,,,,,,,
,BrotherHobby,SPEED SHIELD 2207.5 V2,,1920,,,,,,,,,,,,,,,,
,BrotherHobby,GOM2207.5,,1750,,,,,,,,,,,,,,,,
,BrotherHobby,VY 2004 ULTRALIGHT,,2100,,,,,,,,,,,,,,,,
,BrotherHobby,ENGINEERX 2307,,1750,,,,,,,,,,,,,,,,
,BrotherHobby,LPD 2306.5,,2650,,,,,,,,,,,,,,,,
,BrotherHobby,ENGINEERX 2307,,2700,,,,,,,,,,,,,,,,
,BrotherHobby,AVENGER 2207.5 V3,,2350,,,,,,,,,,,,,,,,
,BrotherHobby,AVENGER 2207.5 V3,,1750,,,,,,,,,,,,,,,,
,BrotherHobby,TORNADO T5 3115 PRO,,1520,,,,,,,,,,,,,,,,
,BrotherHobby,RETURNER R4 2206,,2300,,,,,,,,,,,,,,,,
,BrotherHobby,RETURNER R4 2206,,2450,,,,,,,,,,,,,,,,
,BrotherHobby,TORNADO T10 5215 PRO X CLASS,,170,,,,,,,,,,,,,,,,
,BrotherHobby,TORNADO T7 4215 X CLASS,,680,,,,,,,,,,,,,,,,
,BrotherHobby,RETURNER R6 2207 PRO,,1750,,,,,,,,,,,,,,,,
,BrotherHobby,VY 2004 ULTRALIGHT,,3150,,,,,,,,,,,,,,,,
,BrotherHobby,RETURNER R5 2306 DEADPOOL,,2450,,,,,,,,,,,,,,,,
,BrotherHobby,RETURNER R6 2306 RAINBOW,,2650,,,,,,,,,,,,,,,,
,BrotherHobby,RETURNER R3 1106,,5100,,,,,,,,,,,,,,,,
,BrotherHobby,REUNION 2318,,2500,,,,,,,,,,,,,,,,
,BrotherHobby,RETURNER R5 2306 REDHULK,,2450,,,,,,,,,,,,,,,,
,BrotherHobby,VENOM 2206,,1900,,,,,,,,,,,,,,,,
,BrotherHobby,VENOM 2206,,2400,,,,,,,,,,,,,,,,
,BrotherHobby,AVENGER 2510,,930,,,,,,,,,,,,,,,,
,BrotherHobby,RETURNER R3 2206,,2300,,,,,,,,,,,,,,,,
,BrotherHobby,AVENGER 2812 V2,,900,,,,,,,,,,,,,,,,
,BrotherHobby,SPEED SHIELD 2207.5 V3,,1750,,,,,,,,,,,,,,,,
,BrotherHobby,LPD 2306.5,,2450,,,,,,,,,,,,,,,,
,BrotherHobby,RETURNER R8 2208,,1800,,,,,,,,,,,,,,,,
,BrotherHobby,TORNADO T2 2206,,2300,,,,,,,,,,,,,,,,
,BrotherHobby,TORNADO T2 1608,,3200,,,,,,,,,,,,,,,,
,BrotherHobby,AVENGER SE 2004,,1950,,,,,,,,,,,,,,,,
,BrotherHobby,AVENGER 2306.5 V3,,2000,,,,,,,,,,,,,,,,
,BrotherHobby,AVENGER LR 2004,,1650,,,,,,,,,,,,,,,,
,BrotherHobby,RETURNER R8 2208,,2700,,,,,,,,,,,,,,,,
,BrotherHobby,RETURNER R6 2306 RAINBOW,,2450,,,,,,,,,,,,,,,,
,BrotherHobby,AVENGER 0804,,12000,,,,,,,,,,,,,,,,
,BrotherHobby,RETURNER R6 2205 RAINBOW,,2400,,,,,,,,,,,,,,,,
,BrotherHobby,RETURNER R5 2207,,1750,,,,,,,,,,,,,,,,
,BrotherHobby,AVENGER SE 2004,,2100,,,,,,,,,,,,,,,,
,BrotherHobby,AVENGER 2507 V2,,1750,,,,,,,,,,,,,,,,
,Diatone,MANKA TOKA 1606,,2700,,,,,,,,,,,,,,,,
,Diatone,MANKA TOKA 1606,,3750,,,,,,,,,,,,,,,,
,Diatone,MAMBA 1103,,12000,,,,,,,,,,,,,,,,
,Diatone,MAMBA TOKA 2207.5,,2650,,,,,,,,,,,,,,,,
,Diatone,MANBA 1404,,5000,,,,,,,,,,,,,,,,
,Diatone,MAMBA TOKA 2207.5,,1700,,,,,,,,,,,,,,,,
,Diatone,MAMBA 1105,,5500,,,,,,,,,,,,,,,,
,Diatone,MAMBA TOKA 1206,,4500,,,,,,,,,,,,,,,,
,Diatone,MAMBA TOKA 1103,,10000,,,,,,,,,,,,,,,,
,Diatone,MAMBA TOKA 2207.5,,2450,,,,,,,,,,,,,,,,
,Diatone,MAMBA 1404,,3000,,,,,,,,,,,,,,,,
,Diatone,MAMBA TOKA 1206,,2450,,,,,,,,,,,,,,,,
,Diatone,MANBA 1404,,3650,,,,,,,,,,,,,,,,
,Diatone,MAMBA 1408,,4000,,,,,,,,,,,,,,,,
,Diatone,MAMBA TOKA 2207.5,,1800,,,,,,,,,,,,,,,,
,Diatone,MAMBA TOKA 1206,,3600,,,,,,,,,,,,,,,,
,Diatone,MAMBA 2207,,2650,,,,,,,,,,,,,,,,
,Diatone,MAMBA 1103,,6500,,,,,,,,,,,,,,,,
,Diatone,MAMBA 1103,,8500,,,,,,,,,,,,,,,,
,Diatone,MAMBA TOKA 1206,,6000,,,,,,,,,,,,,,,,
,Diatone,MAMBA 1408,,2800,,,,,,,,,,,,,,,,
,Diatone,MAMBA TOKA 1103,,8500,,,,,,,,,,,,,,,,
,Diatone,MAMBA TOKA 1206,,7500,,,,,,,,,,,,,,,,
,DJI,2212,,920,,,,,,,,,,,,,,,,
,DualSky,XM5015MR-6,,390,,,,,,,,,,,,,,,,
,DualSky,ECO 5322C,,380,,,,,,,,,,2160W,,,,,,
,DualSky,XM6360DA-12,,,,,,,,,,,,,,,,,,
,DualSky,XM2830CA-10,,,,,,,,,,,,,,,,,,
,DualSky,XM6360DA-11,,,,,,,,,,,,,,,,,,
,DualSky,ECO 3520X,,,,,,,,,,,,,,,,,,
,DualSky,XM3850EG-10	,,740,,,,,,,,,,,,,,,,
,DualSky,XM2812RTR-27,,,,,,,,,,,,,,,,,,
,DualSky,XM2838EA-6,,1090,,,,,,,,,,,,,,,,
,DualSky,XM7010HD-16,,155,,,,,,,,,,,,,,,,
,DualSky,XM3548CA-4,,,,,,,,,,,,,,,,,,
,DualSky,ECO 4130C,,470,,,,,,,,,,1800W,,,,,,
,DualSky,XM6350DA-14,,200,,,,,,,,,,,,,,,,
,DualSky,ECO 2312C,,840,,,,,,,,,,304W,,,,,,
,DualSky,GA3500R,,200,,,,,,,,,,,,,,,,
,DualSky,ECO 2826C,,,,,,,,,,,,,,,,,,
,DualSky,ECO 2316C,,1250,,,,,,,,,,360W,,,,,,
,DualSky,XM2826EA-16        ,,1025,,,,,,,,,,,,,,,,
,DualSky,XM6360EA-12	,,184,,,,,,,,,,,,,,,,
,DualSky,XM4010GB,,,,,,,,,,,,,,,,,,
,DualSky,Z5-13.5,,,,,,,,,,,,,,,,,,
,DualSky,ECO 2312C,,760,,,,,,,,,,256W,,,,,,
,DualSky,XM2830EA-7,,1540,,,,,,,,,,,,,,,,
,DualSky,XM5060EA-7	,,405,,,,,,,,,,,,,,,,
,DualSky,XM7010HD-7,,350,,,,,,,,,,,,,,,,
,DualSky,XM3844EG-12	,,810,,,,,,,,,,,,,,,,
,DualSky,XM2830EA-11,,980,,,,,,,,,,,,,,,,
,DualSky,XM4010GBD,,,,,,,,,,,,,,,,,,
,DualSky,XM6355DA-27,,205,,,,,,,,,,,,,,,,
,DualSky,XM3850EG-8	,,920,,,,,,,,,,,,,,,,
,DualSky,"XM5015HD-6",,390,,,,,,,,,,,,,,,,
,DualSky,ECO 3520C,,820,,,,,,,,,,1040W,,,,,,
,DualSky,XM3530EA-10,,1220,,,,,,,,,,,,,,,,
,DualSky,ECO 2814C,,,,,,,,,,,,,,,,,,
,DualSky,ECO 2814X,,,,,,,,,,,,,,,,,,
,DualSky,ECO 3515X,,,,,,,,,,,,,,,,,,
,DualSky,GA2000.4,,400,,,,,,,,,,,,,,,,
,DualSky,XM2834CA-7,,,,,,,,,,,,,,,,,,
,DualSky,XM3548EA-4,,915,,,,,,,,,,,,,,,,
,DualSky,ECO 3520C,,,,,,,,,,,,,,,,,,
,DualSky,XM7015MR-11HD,,145,,,,,,,,,,,,,,,,
,DualSky,XM6355DA-12,,,,,,,,,,,,,,,,,,
,DualSky,XM5015HD-6,,390,,,,,,,,,,,,,,,,
,DualSky,ECO 2826C,,,,,,,,,,,,,,,,,,
,DualSky,XM9025HD-6,,120,,,,,,,,,,,,,,,,
,DualSky,GA1500.5,,500,,,,,,,,,,,,,,,,
,DualSky,XM2838EA-7,,935,,,,,,,,,,,,,,,,
,DualSky,GA4000.6,,210,,,,,,,,,,,,,,,,
,DualSky,ECO 2303C,,2000,,,,,,,,,,92W,,,,,,
,DualSky,XM5050EA-7,,610,,,,,,,,,,,,,,,,
,DualSky,ECO 2216X,,,,,,,,,,,,,,,,,,
,DualSky,XM2223EA-13,,2200,,,,,,,,,,,,,,,,
,DualSky,"XM9025HD-6",,120,,,,,,,,,,,,,,,,
,DualSky,XM6360DA-10,,,,,,,,,,,,,,,,,,
,DualSky,XM4250EA-5,,880,,,,,,,,,,,,,,,,
,DualSky,ECO 2212C,,,,,,,,,,,,,,,,,,
,DualSky,XM3542CA-6,,,,,,,,,,,,,,,,,,
,DualSky,XM7010GB-SS,,,,,,,,,,,,,,,,,,
,DualSky,GA2000R,,480,,,,,,,,,,,,,,,,
,DualSky,XM2826GB,,,,,,,,,,,,,,,,,,
,DualSky,ECO 2212X,,,,,,,,,,,,,,,,,,
,DualSky,XM3542EA-6,,790,,,,,,,,,,,,,,,,
,DualSky,XM6355DA-13,,,,,,,,,,,,,,,,,,
,DualSky,XM3530EA-9,,1355,,,,,,,,,,,,,,,,
,DualSky,ECO 2212C,,,,,,,,,,,,,,,,,,
,DualSky,GA6000.9,,160,,,,,,,,,,,,,,,,
,DualSky,ECO 2820C,,,,,,,,,,,,,,,,,,
,DualSky,ECO 2203C,,,,,,,,,,,,,,,,,,
,DualSky,XM2838EG-7,,1800,,,,,,,,,,,,,,,,
,DualSky,XM2227EA-10,,1720,,,,,,,,,,,,,,,,
,DualSky,ECO 2308C,,1500,,,,,,,,,,184W,,,,,,
,DualSky,XM3548CA-5,,,,,,,,,,,,,,,,,,
,DualSky,ECO 2814C,,860,,,,,,,,,, 480W,,,,,,
,DualSky,GA3000.5,,380,,,,,,,,,,,,,,,,
,DualSky,XM3542CA-5,,,,,,,,,,,,,,,,,,
,DualSky,XM3530GB,,,,,,,,,,,,,,,,,,
,DualSky,XM2826EA-14	,,1170,,,,,,,,,,,,,,,,
,DualSky,ECO 2814X,,,,,,,,,,,,,,,,,,
,DualSky,ECO 4120C,,500,,,,,,,,,,1440W,,,,,,
,DualSky,XM5015MR-7,,340,,,,,,,,,,,,,,,,
,DualSky,XM6350EA-9,,370,,,,,,,,,,,,,,,,
,DualSky,GA8000.8,,160,,,,,,,,,,,,,,,,
,DualSky,XM2826EA-10-10P,,2200,,,,,,,,,,,,,,,,
,DualSky,XM2812CA-27,,1780,,,,,,,,,,,,,,,,
,DualSky,XM3542EA-4,,1180,,,,,,,,,,,,,,,,
,DualSky,ECO 2303C,,1800,,,,,,,,,,80W,,,,,,
,DualSky,Z5-3.5,,,,,,,,,,,,,,,,,,
,DualSky,XM2834MR-10.5,,830,,,,,,,,,,,,,,,,
,DualSky,ECO 2212X,,,,,,,,,,,,,,,,,,
,DualSky,XM2830EA-9,,1210,,,,,,,,,,,,,,,,
,DualSky,XM4255EA-8,,445,,,,,,,,,,,,,,,,
,DualSky,XM9010MR-6,,300,,,,,,,,,,,,,,,,
,DualSky,XM7015MR-9HD,,180,,,,,,,,,,,,,,,,
,DualSky,XM6350EA-15,,224,,,,,,,,,,,,,,,,
,DualSky,XM2830CA-8,,,,,,,,,,,,,,,,,,
,DualSky,ECO 2204X,,,,,,,,,,,,,,,,,,
,DualSky,XM5060EA-9,,315,,,,,,,,,,,,,,,,
,DualSky,Z5-5.0,,,,,,,,,,,,,,,,,,
,DualSky,XM7010GBD,,,,,,,,,,,,,,,,,,
,DualSky,Z5-21.5 F1,,,,,,,,,,,,,,,,,,
,DualSky,"XM5010HD-9",,390,,,,,,,,,,,,,,,,
,DualSky,XM2838EA-5,,1300,,,,,,,,,,,,,,,,
,DualSky,XM6350EA-12,,280,,,,,,,,,,,,,,,,
,DualSky,XM2834CA-6,,,,,,,,,,,,,,,,,,
,DualSky,XM3536EA-7,,990,,,,,,,,,,,,,,,,
,DualSky,XM2822CA-24,,,,,,,,,,,,,,,,,,
,DualSky,XM9010HD-6,,300,,,,,,,,,,,,,,,,
,DualSky,XM3548EA-3.5,,1040,,,,,,,,,,,,,,,,
,DualSky,ECO 5330C,,225,,,,,,,,,,3600W,,,,,,
,DualSky,XM2822CA-20,,,,,,,,,,,,,,,,,,
,DualSky,XM6355DA-14.5,,180,,,,,,,,,,,,,,,,
,DualSky,XM4255EA-7,,505,,,,,,,,,,,,,,,,
,DualSky,ECO 2820C,,,,,,,,,,,,,,,,,,
,DualSky,XM4255EA-4.5,,790,,,,,,,,,,,,,,,,
,DualSky,ECO 2204C,,,,,,,,,,,,,,,,,,
,DualSky,ECO 2206X,,,,,,,,,,,,,,,,,,
,DualSky,XM1812MA-42,,,,,,,,,,,,,,,,,,
,DualSky,XC10036HV,,,,,,,,,,,,,,,,,,
,DualSky,XM4250EA-10,,450,,,,,,,,,,,,,,,,
,DualSky,XM4250CA-6,,,,,,,,,,,,,,,,,,
,DualSky,ECO 2203C,,,,,,,,,,,,,,,,,,
,DualSky,XM2812RTR-33,,,,,,,,,,,,,,,,,,
,DualSky,ECO 2212X,,,,,,,,,,,,,,,,,,
,DualSky,XM2834EA-6,,1360,,,,,,,,,,,,,,,,
,DualSky,XM3530GB-SS,,,,,,,,,,,,,,,,,,
,DualSky,ECO 3508X,,,,,,,,,,,,,,,,,,
,DualSky,ECO 2316C,,1500,,,,,,,,,,264W,,,,,,
,DualSky,XM6352DA-24	,,240,,,,,,,,,,,,,,,,
,DualSky,XM5050EA-10	,,430,,,,,,,,,,,,,,,,
,DualSky,XM7010HD-16,,155,,,,,,,,,,,,,,,,
,DualSky,XM7010MR-8HD,,175,,,,,,,,,,,,,,,,
,DualSky,XM3036EG-8	,,1900,,,,,,,,,,,,,,,,
,DualSky,XM9025GB-SR,,,,,,,,,,,,,,,,,,
,DualSky,XM5010MR-9,,390,,,,,,,,,,,,,,,,
,DualSky,XM1812RTR-42,,,,,,,,,,,,,,,,,,
,DualSky,ECO 2304C,,1850,,,,,,,,,,96W,,,,,,
,DualSky,XM4255EA-5,,710,,,,,,,,,,,,,,,,
,DualSky,ECO 4130C,,290,,,,,,,,,,2080W,,,,,,
,DualSky,XM4006HD-10,,800,,,,,,,,,,,,,,,,
,DualSky,XM4010MR-7.5,,620,,,,,,,,,,,,,,,,
,DualSky,XM6355DA-10,,,,,,,,,,,,,,,,,,
,DualSky,XM2838EA-8,,810,,,,,,,,,,,,,,,,
,DualSky,XM4608MR-10,,590,,,,,,,,,,,,,,,,
,DualSky,"XM2838EG-9",,1350,,,,,,,,,,,,,,,,
,DualSky,ECO 2308C,,1800,,,,,,,,,,200W,,,,,,
,DualSky,Z5-4.5,,,,,,,,,,,,,,,,,,
,DualSky,XM2826CA-12,,,,,,,,,,,,,,,,,,
,DualSky,ECO 2316C,,980,,,,,,,,,, 300W,,,,,,
,DualSky,XM3036EG-11	,,1370,,,,,,,,,,,,,,,,
,DualSky,XM9010MR-5,,360,,,,,,,,,,,,,,,,
,DualSky,XM7015GB-SR,,,,,,,,,,,,,,,,,,
,DualSky,Z5-3.0,,,,,,,,,,,,,,,,,,
,DualSky,XM4250EA-4,,1100,,,,,,,,,,,,,,,,
,DualSky,XM2830CA-12,,,,,,,,,,,,,,,,,,
,DualSky,XM6355DA-11,,,,,,,,,,,,,,,,,,
,DualSky,XM7015GB,,,,,,,,,,,,,,,,,,
,DualSky,XM5015HD-7,,340,,,,,,,,,,,,,,,,
,DualSky,XM9015GB-SR,,,,,,,,,,,,,,,,,,
,DualSky,XM5060EA-10,,290,,,,,,,,,,,,,,,,
,DualSky,ECO 2814C,,,,,,,,,,,,,,,,,,
,DualSky,ECO 2304C,,1450,,,,,,,,,,120W,,,,,,
,DualSky,R4,,,,,,,,,,,,,,,,,,
,DualSky,ECO 2826C,,,,,,,,,,,,,,,,,,
,DualSky,ECO 2808C,,1430,,,,,,,,,,260W,,,,,,
,DualSky,ECO 3515X,,,,,,,,,,,,,,,,,,
,DualSky,ECO 2808X,,,,,,,,,,,,,,,,,,
,DualSky,ECO 2306C,,2300,,,,,,,,,,180W,,,,,,
,DualSky,XM3530CA-12,,,,,,,,,,,,,,,,,,
,DualSky,XM2834EA-9,,915,,,,,,,,,,,,,,,,
,DualSky,XM2834CA-9,,,,,,,,,,,,,,,,,,
,DualSky,Z5-17.5 F1,,,,,,,,,,,,,,,,,,
,DualSky,ECO 2204X,,,,,,,,,,,,,,,,,,
,DualSky,XM3542MR-11.5,,460,,,,,,,,,,,,,,,,
,DualSky,ECO 3508X,,,,,,,,,,,,,,,,,,
,DualSky,XM2826EA-8-10P,,2770,,,,,,,,,,,,,,,,
,DualSky,ECO 3515X,,,,,,,,,,,,,,,,,,
,DualSky,XM5010HD-9,,390,,,,,,,,,,,,,,,,
,DualSky,ECO 2826C,,720,,,,,,,,,,750W,,,,,,
,DualSky,XM5010GB,,,,,,,,,,,,,,,,,,
,DualSky,XM9010HD-13,,140,,,,,,,,,,,,,,,,
,DualSky,ECO 4120C,,560,,,,,,,,,,1400W,,,,,,
,DualSky,XM6355DA-13,,200,,,,,,,,,,,,,,,,
,DualSky,ECO 5330C,,205,,,,,,,,,,3400W,,,,,,
,DualSky,Z5-17.5,,,,,,,,,,,,,,,,,,
,DualSky,ECO 2216C,,,,,,,,,,,,,,,,,,
,DualSky,ECO 2826C,,1120,,,,,,,,,,660W,,,,,,
,DualSky,XM2812CA-33,,1470,,,,,,,,,,,,,,,,
,DualSky,ECO 2808C,,1200,,,,,,,,,,336W,,,,,,
,DualSky,ECO 4120C,,430,,,,,,,,,,1320W,,,,,,
,DualSky,XM2838EG-11L,,1100,,,,,,,,,,,,,,,,
,DualSky,XM7010GB,,,,,,,,,,,,,,,,,,
,DualSky,XM6355DA-28,,180,,,,,,,,,,,,,,,,
,DualSky,ECO 2826C,,850,,,,,,,,,,720W,,,,,,
,DualSky,XM2826CA-15,,,,,,,,,,,,,,,,,,
,DualSky,"XM2838EG-9L",,1350,,,,,,,,,,,,,,,,
,DualSky,R4,,,,,,,,,,,,,,,,,,
,DualSky,ECO 4120C,,350,,,,,,,,,,1500W,,,,,,
,DualSky,XM7015GB-SS,,,,,,,,,,,,,,,,,,
,DualSky,ECO 4130C,,375,,,,,,,,,,1920W,,,,,,
,DualSky,ECO 2316C,,880,,,,,,,,,,368W,,,,,,
,DualSky,XM9010MR-6,,300,,,,,,,,,,,,,,,,
,DualSky,Z5-5.5,,,,,,,,,,,,,,,,,,
,DualSky,XM3040EG-7	,,1850,,,,,,,,,,,,,,,,
,DualSky,ECO 2814X,,,,,,,,,,,,,,,,,,
,DualSky,Z5-9.5,,,,,,,,,,,,,,,,,,
,DualSky,XM6360EA-10,,218,,,,,,,,,,,,,,,,
,DualSky,ECO 2820C,,1120,,,,,,,,,,540W,,,,,,
,DualSky,ECO 2820C,,800,,,,,,,,,,540W,,,,,,
,DualSky,XM9010MR-10HD,,185,,,,,,,,,,,,,,,,
,DualSky,XM3542EA-5,,950,,,,,,,,,,,,,,,,
,DualSky,XM5015GBD,,,,,,,,,,,,,,,,,,
,DualSky,XM2826CA-10,,,,,,,,,,,,,,,,,,
,DualSky,XM6360DA-9,,,,,,,,,,,,,,,,,,
,DualSky,ECO 5322C,,300,,,,,,,,,,2560W,,,,,,
,DualSky,XM7015HD-11,,150,,,,,,,,,,,,,,,,
,DualSky,XM2826EA-12,,1370,,,,,,,,,,,,,,,,
,DualSky,ECO 2814C,,,,,,,,,,,,,,,,,,
,DualSky,ECO 3520X,,,,,,,,,,,,,,,,,,
,DualSky,GA8000.8S,,160,,,,,,,,,,,,,,,,
,DualSky,ECO 3520C,,,,,,,,,,,,,,,,,,
,DualSky,R4,,,,,,,,,,,,,,,,,,
,DualSky,ECO 2304C,,2300,,,,,,,,,,120W,,,,,,
,DualSky,XM3548EA-5,,740,,,,,,,,,,,,,,,,
,DualSky,ECO 2212C,,,,,,,,,,,,,,,,,,
,DualSky,XM5015GB-SS,,,,,,,,,,,,,,,,,,
,DualSky,XM3536CA-8,,,,,,,,,,,,,,,,,,
,DualSky,Z5-21.5,,,,,,,,,,,,,,,,,,
,DualSky,ECO 2208C,,,,,,,,,,,,,,,,,,
,DualSky,XM7015HD-5,,330,,,,,,,,,,,,,,,,
,DualSky,XM3530EA-12,,1020,,,,,,,,,,,,,,,,
,DualSky,XM7010MR-8HD,,175,,,,,,,,,,,,,,,,
,DualSky,XM3548CA-6,,,,,,,,,,,,,,,,,,
,DualSky,XM2223EA-17,,1700,,,,,,,,,,,,,,,,
,DualSky,XM6360EA-11,,200,,,,,,,,,,,,,,,,
,DualSky,XM3536EA-5,,1380,,,,,,,,,,,,,,,,
,DualSky,ECO 5330C,,280,,,,,,,,,,3200W,,,,,,
,DualSky,ECO 2206X,,,,,,,,,,,,,,,,,,
,DualSky,ECO 2204C,,,,,,,,,,,,,,,,,,
,DualSky,GA6000.9S   ,,160,,,,,,,,,,,,,,,,
,DualSky,XM4010GB-SS,,,,,,,,,,,,,,,,,,
,DualSky,XM7015MR-4.5,,370,,,,,,,,,,,,,,,,
,DualSky,XM5010MR-7.5,,480,,,,,,,,,,,,,,,,
,DualSky,XM4010HD-6.5,,720,,,,,,,,,,,,,,,,
,DualSky,XM2212RTR-25,,,,,,,,,,,,,,,,,,
,DualSky,XM5050EA-6,,710,,,,,,,,,,,,,,,,
,DualSky,ECO 2303C,,1470,,,,,,,,,,96W,,,,,,
,DualSky,ECO 2312C,,1150,,,,,,,,,,276W,,,,,,
,DualSky,XM6355DA-12,,220,,,,,,,,,,,,,,,,
,DualSky,XM3530EA-13,,930,,,,,,,,,,,,,,,,
,DualSky,Z5-7.5,,,,,,,,,,,,,,,,,,
,DualSky,XM2830EA-8,,1350,,,,,,,,,,,,,,,,
,DualSky,XM2830EA-6-10P,,2430,,,,,,,,,,,,,,,,
,DualSky,ECO 2814C,,1120,,,,,,,,,,432W,,,,,,
,DualSky,Z5-11.5,,,,,,,,,,,,,,,,,,
,DualSky,XM3542CA-7,,,,,,,,,,,,,,,,,,
,DualSky,ECO 2820C,,940,,,,,,,,,,480W,,,,,,
,DualSky,XM3536CA-9,,,,,,,,,,,,,,,,,,
,DualSky,XM2834CA-10,,,,,,,,,,,,,,,,,,
,DualSky,GA8000.9S,,140,,,,,,,,,,,,,,,,
,DualSky,GA800,,850,,,,,,,,,,,,,,,,
,DualSky,XM7015MR-9HD,,180,,,,,,,,,,,,,,,,
,DualSky,XM5050EA-8	,,535,,,,,,,,,,,,,,,,
,DualSky,XM7015MR-5,,330,,,,,,,,,,,,,,,,
,DualSky,XM4608MR-8.5,,690,,,,,,,,,,,,,,,,
,DualSky,XM4250CA-5,,,,,,,,,,,,,,,,,,
,DualSky,XM2834EA-7,,1160,,,,,,,,,,,,,,,,
,DualSky,ECO 3520C,,510,,,,,,,,,,1150W,,,,,,
,DualSky,XM9010GB-SR,,,,,,,,,,,,,,,,,,
,DualSky,XM2830CA-14,,,,,,,,,,,,,,,,,,
,DualSky,ECO 2208C,,,,,,,,,,,,,,,,,,
,DualSky,XM6352DA-16	,,360,,,,,,,,,,,,,,,,
,DualSky,XM3536CA-6,,,,,,,,,,,,,,,,,,
,DualSky,XM9015HD-10	,,120,,,,,,,,,,,,,,,,
,DualSky,ECO 3520C,,1020,,,,,,,,,,960W,,,,,,
,DualSky,XM4010MR-6.5,,710,,,,,,,,,,,,,,,,
,DualSky,XM4010MR-5,,930,,,,,,,,,,,,,,,,
,DualSky,XM2826CA-18,,,,,,,,,,,,,,,,,,
,DualSky,XM7015HD-11,,150,,,,,,,,,,,,,,,,
,DualSky,XM7015HD-5,,330,,,,,,,,,,,,,,,,
,DualSky,XM9015HD-10,,120,,,,,,,,,,,,,,,,
,DualSky,XM7010GB-SR,,,,,,,,,,,,,,,,,,
,DualSky,XM2830EA-10,,1095,,,,,,,,,,,,,,,,
,DualSky,"XM4010HD-10",,470,,,,,,,,,,,,,,,,
,DualSky,XM5015GB-SR,,,,,,,,,,,,,,,,,,
,DualSky,XM5015HD-7,,340,,,,,,,,,,,,,,,,
,DualSky,ECO 2814C,,970,,,,,,,,,,400W,,,,,,
,DualSky,XM2838EG-14L,,860,,,,,,,,,,,,,,,,
,DualSky,ECO 3520C,,,,,,,,,,,,,,,,,,
,DualSky,XM2826EA-10,,1630,,,,,,,,,,,,,,,,
,DualSky,XM2227EA-12,,1440,,,,,,,,,,,,,,,,
,DualSky,XM6352DA-20,,285,,,,,,,,,,,,,,,,
,DualSky,XM9010HD-14.5,,125,,,,,,,,,,,,,,,,
,DualSky,ECO 3520C,,680,,,,,,,,,,1100W,,,,,,
,DualSky,XM9015MR-7HD,,170,,,,,,,,,,,,,,,,
,DualSky,XM2215MA-17,,,,,,,,,,,,,,,,,,
,DualSky,XM3530CA-10,,,,,,,,,,,,,,,,,,
,DualSky,XM7010MR-10HD,,140,,,,,,,,,,,,,,,,
,DualSky,XM5010MR-11,,320,,,,,,,,,,,,,,,,
,DualSky,XM6355DA-21	,,245,,,,,,,,,,,,,,,,
,DualSky,ECO 2808C,,1000,,,,,,,,,,300W,,,,,,
,DualSky,GA4000.7,,180,,,,,,,,,,,,,,,,
,DualSky,XM5050EA-9	,,480,,,,,,,,,,,,,,,,
,DualSky,XM3536EA-6,,1160,,,,,,,,,,,,,,,,
,DualSky,ECO 3508X,,,,,,,,,,,,,,,,,,
,DualSky,ECO 2208C,,,,,,,,,,,,,,,,,,
,DualSky,XM9015MR-10HD,,120,,,,,,,,,,,,,,,,
,DualSky,XM7010GBD,,,,,,,,,,,,,,,,,,
,DualSky,XM4250EA-8,,560,,,,,,,,,,,,,,,,
,DualSky,XM4250EA-6,,745,,,,,,,,,,,,,,,,
,DualSky,XM3530CA-16,,,,,,,,,,,,,,,,,,
,DualSky,GA6000.8,,180,,,,,,,,,,,,,,,,
,DualSky,ECO 2216X,,,,,,,,,,,,,,,,,,
,DualSky,ECO 2814C,,,,,,,,,,,,,,,,,,
,DualSky,ECO 3520C,,,,,,,,,,,,,,,,,,
,DualSky,XM3542MR-7.5,,700,,,,,,,,,,,,,,,,
,DualSky,XM2826GB-SS,,,,,,,,,,,,,,,,,,
,DualSky,XM2223EA-10,,2850,,,,,,,,,,,,,,,,
,DualSky,ECO 2820C,,,,,,,,,,,,,,,,,,
,DualSky,GA800,,550,,,,,,,,,,,,,,,,
,DualSky,XM4250CA-7,,,,,,,,,,,,,,,,,,
,DualSky,XM7010HD-7,,350,,,,,,,,,,,,,,,,
,DualSky,XM3040EG-14	,,860,,,,,,,,,,,,,,,,
,DualSky,XM4250EA-7,,640,,,,,,,,,,,,,,,,
,DualSky,XM2215RTR-17,,,,,,,,,,,,,,,,,,
,DualSky,XM2227EA-15,,1150,,,,,,,,,,,,,,,,
,DualSky,XM6355DA-18,,280,,,,,,,,,,,,,,,,
,DualSky,XM2830EA-7-10P	,,2000,,,,,,,,,,,,,,,,
,DualSky,ECO 3520X,,,,,,,,,,,,,,,,,,
,DualSky,XM4250CA-10,,,,,,,,,,,,,,,,,,
,DualSky,ECO 2216C,,,,,,,,,,,,,,,,,,
,DualSky,XM7010MR-6.5,,380,,,,,,,,,,,,,,,,
,DualSky,XM3530CA-14,,,,,,,,,,,,,,,,,,
,DualSky,GA1500R,,550,,,,,,,,,,,,,,,,
,DualSky,ECO 2216X,,,,,,,,,,,,,,,,,,
,DualSky,XM5010GB-SS,,,,,,,,,,,,,,,,,,
,DualSky,XM2834EA-8,,1010,,,,,,,,,,,,,,,,
,DualSky,XM4250EA-9,,500,,,,,,,,,,,,,,,,
,DualSky,ECO 2808X,,,,,,,,,,,,,,,,,,
,DualSky,GA6000.8S,,180,,,,,,,,,,,,,,,,
,DualSky,XM7015MR-16HD,,100,,,,,,,,,,,,,,,,
,DualSky,XM4255EA-6,,590,,,,,,,,,,,,,,,,
,DualSky,XM9010HD-6,,300,,,,,,,,,,,,,,,,
,DualSky,Z5-6.5,,,,,,,,,,,,,,,,,,
,DualSky,XM6352DA-26,,220,,,,,,,,,,,,,,,,
,DualSky,ECO 2216C,,,,,,,,,,,,,,,,,,
,DualSky,ECO 2312C,,960,,,,,,,,,,258W,,,,,,
,DualSky,XM3536EA-8,,875,,,,,,,,,,,,,,,,
,DualSky,XM5010GB-SR,,,,,,,,,,,,,,,,,,
,DualSky,"XM4006HD-8",,1000,,,,,,,,,,,,,,,,
,DualSky,XM2212MA-25,,,,,,,,,,,,,,,,,,
,DualSky,ECO 2306C,,1500,,,,,,,,,,170W,,,,,,
,DualSky,XM3040EG-9	,,1350,,,,,,,,,,,,,,,,
,DualSky,XM5060EA-6,,470,,,,,,,,,,,,,,,,
,DualSky,ECO 2308C,,980,,,,,,,,,,204W,,,,,,
,DualSky,XM4608MR-15,,400,,,,,,,,,,,,,,,,
,DualSky,ECO 2306C,,1900,,,,,,,,,,144W,,,,,,
,DualSky,Z5-8.5,,,,,,,,,,,,,,,,,,
,DualSky,XM5010GBD,,,,,,,,,,,,,,,,,,
,DualSky,XM6350DA-12,,220,,,,,,,,,,,,,,,,
,DualSky,XM5015GB,,,,,,,,,,,,,,,,,,
,DualSky,GA3000.7,,270,,,,,,,,,,,,,,,,
,DualSky,GA8000.9,,140,,,,,,,,,,,,,,,,
,DualSky,XM7010MR-14HD,,100,,,,,,,,,,,,,,,,
,DualSky,"XM9010HD-13",,140,,,,,,,,,,,,,,,,
,DualSky,ECO 2208C,,,,,,,,,,,,,,,,,,
,DualSky,ECO 5322C,,430,,,,,,,,,,2400W,,,,,,
,DualSky,ECO 2814C,,1330,,,,,,,,,, 480W,,,,,,
,DualSky,XM5060EA-8,,355,,,,,,,,,,,,,,,,
,DualSky,XM3844EG-12	,,970,,,,,,,,,,,,,,,,
,DualSky,"XM2838EG-11",,1100,,,,,,,,,,,,,,,,
,DualSky,Z5-10.5,,,,,,,,,,,,,,,,,,
,DualSky,ECO 2212C,,,,,,,,,,,,,,,,,,
,DualSky,XM4614MR-9,,380,,,,,,,,,,,,,,,,
,DualSky,XM3536CA-7,,,,,,,,,,,,,,,,,,
,DualSky,ECO 2312C,,1500,,,,,,,,,,208W,,,,,,
,DualSky,XM7010MR-6.5,,330,,,,,,,,,,,,,,,,
,DualSky,Z5-4.0,,,,,,,,,,,,,,,,,,
,DualSky,ECO 2216C,,,,,,,,,,,,,,,,,,
,DualSky,XM2834MR-9,,960,,,,,,,,,,,,,,,,
,DualSky,ECO 2308C,,1180,,,,,,,,,,240W,,,,,,
,DYS,D1410,,3500,,,,,,,,,,,,,,,,
,DYS,SHU SAMGUK SERIES,,2500,,,,,,,,,,,,,,,,
,DYS,STORM,,2550,,,,,,,,,,,,,,,,
,DYS,BE8108,,100,,,,,,,,,,,,,,,,
,DYS,BE2217,,1200,,,,,,,,,,,,,,,,
,DYS,D3548,,900,,,,,,,,,,,,,,,,
,DYS,BE2212 S,,880,,,,,,,,,,,,,,,,
,DYS,SE2205 PRO,,2550,,,,,,,,,,,,,,,,
,DYS,D3536,,1000,,,,,,,,,,,,,,,,
,DYS,WU SAMGUK SERIES,,2700,,,,,,,,,,,,,,,,
,DYS,BE2814 L,,980,,,,,,,,,,,,,,,,
,DYS,SE2205 PRO,,2300,,,,,,,,,,,,,,,,
,DYS,WEI SAMGUK SERIES,,2300,,,,,,,,,,,,,,,,
,DYS,BE2217 S,,930,,,,,,,,,,,,,,,,
,DYS,BE5208,,330,,,,,,,,,,,,,,,,
,DYS,D2225,,1350,,,,,,,,,,,,,,,,
,DYS,BE0905,,10000,,,,,,,,,,,,,,,,
,DYS,SHU SAMGUK SERIES,,1750,,,,,,,,,,,,,,,,
,DYS,H2830,,3500,,,,,,,,,,,,,,,,
,DYS,D2826,,1400,,,,,,,,,,,,,,,,
,DYS,D3536,,1450,,,,,,,,,,,,,,,,
,DYS,D3530,,1700,,,,,,,,,,,,,,,,
,DYS,CF2822,,1534,,,,,,,,,,,,,,,,
,DYS,BGM3608-70,,,,,,,,,,,,,,,,,,
,DYS,BX1804,,2000,,,,,,,,,,,,,,,,
,DYS,BGM4108-130T-8.5,,,,,,,,,,,,,,,,,,
,DYS,MARS,,2400,,,,,,,,,,,,,,,,
,DYS,H2836,,4000,,,,,,,,,,,,,,,,
,DYS,GM60-80T,,,,,,,,,,,,,,,,,,
,DYS,FIRE 2206,,2300,,,,,,,,,,,,,,,,
,DYS,FIRE 2206,,2600,,,,,,,,,,,,,,,,
,DYS,BE2814 L,,1280,,,,,,,,,,,,,,,,
,DYS,BGM5208-75HS,,,,,,,,,,,,,,,,,,
,DYS,BE4108,,380,,,,,,,,,,,,,,,,
,DYS,D2830,,850,,,,,,,,,,,,,,,,
,DYS,BE1806,,2700,,,,,,,,,,,,,,,,
,DYS,D3530,,1400,,,,,,,,,,,,,,,,
,DYS,SUNFUN 2207,,2450,,,,,,,,,,,,,,,,
,DYS,WU SAMGUK SERIES,,1750,,,,,,,,,,,,,,,,
,DYS,D2826,,930,,,,,,,,,,,,,,,,
,DYS,D2822,,1450,,,,,,,,,,,,,,,,
,DYS,BE2826,,1060,,,,,,,,,,,,,,,,
,DYS,D3536,,910,,,,,,,,,,,,,,,,
,DYS,D3542,,1450,,,,,,,,,,,,,,,,
,DYS,D3548,,1100,,,,,,,,,,,,,,,,
,DYS,WU SAMGUK SERIES,,2400,,,,,,,,,,,,,,,,
,DYS,H2830,,4000,,,,,,,,,,,,,,,,
,DYS,BGM2608-70T-8.5,,,,,,,,,,,,,,,,,,
,DYS,D1410,,4000,,,,,,,,,,,,,,,,
,DYS,BX1306,,4000,,,,,,,,,,,,,,,,
,DYS,D4215-21,,650,,,,,,,,,,,,,,,,
,DYS,BE2208 L,,2600,,,,,,,,,,,,,,,,
,DYS,MR2306,,2700,,,,,,,,,,,,,,,,
,DYS,SE2205,,2300,,,,,,,,,,,,,,,,
,DYS,BE1806,,2300,,,,,,,,,,,,,,,,
,DYS,SHU SAMGUK SERIES,,2800,,,,,,,,,,,,,,,,
,DYS,BGM5208-200-12,,,,,,,,,,,,,,,,,,
,DYS,BGM2606-90,,,,,,,,,,,,,,,,,,
,DYS,BE2212 L,,1450,,,,,,,,,,,,,,,,
,DYS,MR2306,,2100,,,,,,,,,,,,,,,,
,DYS,BGM4108-130HS,,,,,,,,,,,,,,,,,,
,DYS,BGM2212-70,,,,,,,,,,,,,,,,,,
,DYS,BE1102,,10000,,,,,,,,,,,,,,,,
,DYS,D3536,,1250,,,,,,,,,,,,,,,,
,DYS,D3542,,1250,,,,,,,,,,,,,,,,
,DYS,BE4108,,580,,,,,,,,,,,,,,,,
,DYS,D3548,,790,,,,,,,,,,,,,,,,
,DYS,BE2208 L,,1800,,,,,,,,,,,,,,,,
,DYS,BGM5012-150,,,,,,,,,,,,,,,,,,
,DYS,WEI SAMGUK SERIES,,1750,,,,,,,,,,,,,,,,
,DYS,SE1806,,2550,,,,,,,,,,,,,,,,
,DYS,H2831,,3250,,,,,,,,,,,,,,,,
,DYS,BE3708,,460,,,,,,,,,,,,,,,,
,DYS,BGM4114-100,,,,,,,,,,,,,,,,,,
,DYS,BE2212 L,,2300,,,,,,,,,,,,,,,,
,DYS,BE2217,,1500,,,,,,,,,,,,,,,,
,DYS,MARS,,2750,,,,,,,,,,,,,,,,
,DYS,SE1806POR,,2300,,,,,,,,,,,,,,,,
,DYS,D2822,,1100,,,,,,,,,,,,,,,,
,DYS,SUNFUN X2203,,3500,,,,,,,,,,,,,,,,
,DYS,GM2210,,,,,,,,,,,,,,,,,,
,DYS,SE1806POR,,2550,,,,,,,,,,,,,,,,
,DYS,BGM5208-200,,,,,,,,,,,,,,,,,,
,DYS,CF2822,,1200,,,,,,,,,,,,,,,,
,DYS,BE2208 L,,1070,,,,,,,,,,,,,,,,
,DYS,MR2205,,2750,,,,,,,,,,,,,,,,
,DYS,THOR,,2500,,,,,,,,,,,,,,,,
,DYS,BE1404,,4300,,,,,,,,,,,,,,,,
,DYS,BE4108,,720,,,,,,,,,,,,,,,,
,DYS,D3542,,1000,,,,,,,,,,,,,,,,
,DYS,MR2306,,2300,,,,,,,,,,,,,,,,
,DYS,D2830,,750,,,,,,,,,,,,,,,,
,DYS,D2822,,2600,,,,,,,,,,,,,,,,
,DYS,BGM5208-75,,,,,,,,,,,,,,,,,,
,DYS,BX1806,,2700,,,,,,,,,,,,,,,,
,DYS,D2812,,1600,,,,,,,,,,,,,,,,
,DYS,D2225,,1600,,,,,,,,,,,,,,,,
,DYS,MR2205,,2300,,,,,,,,,,,,,,,,
,DYS,D3536 S,,750,,,,,,,,,,,,,,,,
,DYS,BE1104,,5400,,,,,,,,,,,,,,,,
,DYS,BX1306,,3100,,,,,,,,,,,,,,,,
,DYS,SE2205,,2550,,,,,,,,,,,,,,,,
,DYS,SE1806POR,,2700,,,,,,,,,,,,,,,,
,DYS,MR2304,,2150,,,,,,,,,,,,,,,,
,DYS,BE28208,,1400,,,,,,,,,,,,,,,,
,DYS,D2830,,1000,,,,,,,,,,,,,,,,
,DYS,D3536 L,,750,,,,,,,,,,,,,,,,
,DYS,D2830,,1300,,,,,,,,,,,,,,,,
,DYS,WEI SAMGUK SERIES,,2600,,,,,,,,,,,,,,,,
,DYS,THOR,,2700,,,,,,,,,,,,,,,,
,DYS,D2836,,1120,,,,,,,,,,,,,,,,
,DYS,BE2814 L,,910,,,,,,,,,,,,,,,,
,DYS,D2836,,750,,,,,,,,,,,,,,,,
,DYS,BE4108,,480,,,,,,,,,,,,,,,,
,DYS,THOR,,2200,,,,,,,,,,,,,,,,
,DYS,BX2212,,920,,,,,,,,,,,,,,,,
,DYS,BGM2208-70,,,,,,,,,,,,,,,,,,
,DYS,BGM8108-90,,,,,,,,,,,,,,,,,,
,DYS,SE1407II,,3600,,,,,,,,,,,,,,,,
,DYS,BGM4114-100HS,,,,,,,,,,,,,,,,,,
,DYS,MR1407,,4300,,,,,,,,,,,,,,,,
,DYS,BE0703,,10000,,,,,,,,,,,,,,,,
,DYS,GM81-90T,,,,,,,,,,,,,,,,,,
,DYS,STORM,,2300,,,,,,,,,,,,,,,,
,DYS,BE3708,,630,,,,,,,,,,,,,,,,
,DYS,SE2008,,2550,,,,,,,,,,,,,,,,
,DYS,BE2217 S,,800,,,,,,,,,,,,,,,,
,DYS,MR2204,,2400,,,,,,,,,,,,,,,,
,DYS,D2822,,1800,,,,,,,,,,,,,,,,
,DYS,BGM2208-80,,,,,,,,,,,,,,,,3,,
,DYS,SE1806,,2300,,,,,,,,,,,,,,,,
,DYS,BX1306,,2300,,,,,,,,,,,,,,,,
,DYS,BE2814 L,,1400,,,,,,,,,,,,,,,,
,DYS,SUNFUN 2207,,1750,,,,,,,,,,,,,,,,
,DYS,BGM4114-100T-8.5,,,,,,,,,,,,,,,,,,
,DYS,SUNFUN X2203,,3000,,,,,,,,,,,,,,,,
,DYS,D2836,,1500,,,,,,,,,,,,,,,,
,DYS,BGM4108-130,,,,,,,,,,,,,,,,,,
,DYS,D2826,,1000,,,,,,,,,,,,,,,,
,DYS,BE1102,,7800,,,,,,,,,,,,,,,,
,DYS,BE2204,,2400,,,,,,,,,,,,,,,,
,DYS,SUNFUN X2306,,2500,,,,,,,,,,,,,,,,
,DYS,H2836,,3500,,,,,,,,,,,,,,,,
,DYS,D2225,,2000,,,,,,,,,,,,,,,,
,DYS,SE1806,,2700,,,,,,,,,,,,,,,,
,DYS,BE1404,,6000,,,,,,,,,,,,,,,,
,DYS,SUNFUN X2306,,1750,,,,,,,,,,,,,,,,
,DYS,BX1806,,2300,,,,,,,,,,,,,,,,
,DYS,BE1104,,6500,,,,,,,,,,,,,,,,
,DYS,BE1104,,7500,,,,,,,,,,,,,,,,
,DYS,BE4114,,350,,,,,,,,,,,,,,,,
,DYS,BE2212 S,,1000,,,,,,,,,,,,,,,,
,DYS,BX1804,,2300,,,,,,,,,,,,,,,,
,DYS,FIRE 2206,,2100,,,,,,,,,,,,,,,,
,DYS,BE1806,,1400,,,,,,,,,,,,,,,,
,DYS,BE28208,,1080,,,,,,,,,,,,,,,,
,DYS,D3530,,1100,,,,,,,,,,,,,,,,
,DYS,BE2208 L,,1400,,,,,,,,,,,,,,,,
,DYS,BE2826,,770,,,,,,,,,,,,,,,,
,DYS,D2836,,880,,,,,,,,,,,,,,,,
,DYS,SE2008,,2300,,,,,,,,,,,,,,,,
,DYS,D2826,,2200,,,,,,,,,,,,,,,,
,DYS,BE1104,,4000,,,,,,,,,,,,,,,,
,DYS,BE28208,,1760,,,,,,,,,,,,,,,,
,DYS,BE2826,,940,,,,,,,,,,,,,,,,
,DYS,BE8108,,135,,,,,,,,,,,,,,,,
,DYS,BGM4215-120,,,,,,,,,,,,,,,,,,
,DYS,SUNFUN 2207,,2750,,,,,,,,,,,,,,,,
,EACHINE,2204 WIZARD,,2300,,,,,,,,,,,,,,,,
,EACHINE,Tyro89 1204 ,,6000,,,,,,,,,,,,,,,,
,EACHINE,NC1102,,13500,,,,,,,,,,,,,,,,
,EACHINE,LAL5 2507,,1800,,,,,,,,,,,,,,,,
,EACHINE,E160,,,,,,,,,,,,,,,,,,
,EACHINE,2204 MICRO SKYHUNTER,,2300,,,,,,,,,,,,,,,,
,EACHINE,TYRO119,,1800,,,,,,,,,,,,,,,,
,EACHINE,E160,,,,,,,,,,,,,,,,,,
,EACHINE,CINECAN EX1103,,7000,,,,,,,,,,,,,,,,
,EACHINE,TYRO99 2206,,2150,,,,,,,,,,,,,,,,
,EACHINE,NC1103,,8500,,,,,,,,,,,,,,,,
,EACHINE,703,,20000,,,,,,,,,,,,,,,,
,EACHINE,AURORA 90 1104,,7500,,,,,,,,,,,,,,,,
,EACHINE,1104,,6500,,,,,,,,,,,,,,,,
,EACHINE,WIZARD 2205,,2300,,,,,,,,,,,,,,,,
,EACHINE,TWIG 1105,,5200,,,,,,,,,,,,,,,,
,EACHINE,EX1,,,,,,,,,,,,,,,,,,
,EACHINE,NC0802,,19000,,,,,,,,,,,,,,,,
,EACHINE,NX0802,,14000,,,,,,,,,,,,,,,,
,EACHINE,TYRO69 1104,,8600,,,,,,,,,,,,,,,,
,EACHINE,NC1203,,5500,,,,,,,,,,,,,,,,
,EACHINE,LAL5.1 2507,,2600,,,,,,,,,,,,,,,,
,EACHINE,703,,15000,,,,,,,,,,,,,,,,
,EACHINE,LIZARD105S 1106,,5200,,,,,,,,,,,,,,,,
,EACHINE,WIZARD TS215 TS2306,,2450,,,,,,,,,,,,,,,,
,EACHINE,NC1204,,5000,,,,,,,,,,,,,,,,
,EACHINE,703,,8000,,,,,,,,,,,,,,,,
,EACHINE,1102,,11500,,,,,,,,,,,,,,,,
,EACHINE,EX2MINI 1306,,2750,,,,,,,,,,,,,,,,
,EACHINE,RACER250 BG2204,,2300,,,,,,,,,,,,,,,,
,EACHINE,TYRO79 1607,,2800,,,,,,,,,,,,,,,,
,EACHINE,NX0802,,22000,,,,,,,,,,,,,,,,
,EACHINE,REDEVIL 1102,,8700,,,,,,,,,,,,,,,,
,EACHINE,Cvatar C1507,,2400,,,,,,,,,,,,,,,,
,EACHINE,TYRO109 2206,,2400,,,,,,,,,,,,,,,,
,EACHINE,5style 2307 ,,2450,,,,,,,,,,,,,,,,
,EACHINE,AURORA 68 1102,,11500,,,,,,,,,,,,,,,,
,EACHINE,WIZARD X220HV 2306,,1650,,,,,,,,,,,,,,,,
,EACHINE,TS130 1507,,4100,,,,,,,,,,,,,,,,
,EACHINE,2216 FURY WING,,2000,,,,,,,,,,,,,,,,
,EACHINE,703,,10000,,,,,,,,,,,,,,,,
,EACHINE,TRASHCAN TC0803,,15000,,,,,,,,,,,,,,,,
,EACHINE,TYRO129 2507,,1800,,,,,,,,,,,,,,,,
,EACHINE,2206 WIZARD,,2300,,,,,,,,,,,,,,,,
,EACHINE,703,,12000,,,,,,,,,,,,,,,,
,EACHINE,LIZARD95 1104,,6000,,,,,,,,,,,,,,,,
,EACHINE,US65 SE0603,,19000,,,,,,,,,,,,,,,,
,EACHINE,1104,,6000,,,,,,,,,,,,,,,,
,EACHINE,F22 Raptor,,,,,,,,,,,,,,,,,,
,EMAX,MT5210,,160,,,,,,,,,,,,,,,,
,EMAX,MT2216 II,,810,,,,,,,,,,,,,,,,
,EMAX,XT2216,,1150,,,,,,,,,,,,,,,,
,EMAX,GT2205,,1660,,,,,,,,,,,,,,,,
,EMAX,RS1106 II,,7500,,,,,,,,,,,,,,,,
,EMAX,RS1104,,5250,,,,,,,,,,,,,,,,
,EMAX,RSII 2207CW,,2300,,,,,,,,,,,,,,,,
,EMAX,RS1606,,4000,,,,,,,,,,,,,,,,
,EMAX,MT5210,,290,,,,,,,,,,,,,,,,
,EMAX,GT2815,,1100,,,,,,,,,,,,,,,,
,EMAX,RS1106 II,,6000,,,,,,,,,,,,,,,,
,EMAX,BL2820,,8450,,,,,,,,,,,,,,,,
,EMAX,BL3526,,685,,,,,,,,,,,,,,,,
,EMAX,PULSAR 2206,,2400,,,,,,,,,,,,,,,,
,EMAX,RS2205S,,2300,,,,,,,,,,,,,,,,
,EMAX,MT3506,,650,,,,,,,,,,,,,,,,
,EMAX,MT2808,,850,,,,,,,,,,,,,,,,
,EMAX,ECO 2207,,1700,,,,,,,,,,,,,,,,
,EMAX,GT2826,,710,,,,,,,,,,,,,,,,
,EMAX,RS1106 II,,4500,,,,,,,,,,,,,,,,
,EMAX,GT2812,,970,,,,,,,,,,,,,,,,
,EMAX,GT2210,,1470,,,,,,,,,,,,,,,,
,EMAX,MT2206,,1900,,,,,,,,,,,,,,,,
,EMAX,GT2826,,1090,,,,,,,,,,,,,,,,
,EMAX,XT2212,,1370,,,,,,,,,,,,,,,,
,EMAX,MT2206,,1500,,,,,,,,,,,,,,,,
,EMAX,PULSAR 2206,,1700,,,,,,,,,,,,,,,,
,EMAX,MT1804,,2480,,,,,,,,,,,,,,,,
,EMAX,GT2210,,1270,,,,,,,,,,,,,,,,
,EMAX,GB2806,,100,,,,,,,,,,,,,,,,
,EMAX,RSII 2207CW,,2300,,,,,,,,,,,,,,,,
,EMAX,XA2212,,820,,,,,,,,,,,,,,,,
,EMAX,GT2205,,1260,,,,,,,,,,,,,,,,
,EMAX,GT3226,,870,,,,,,,,,,,,,,,,
,EMAX,MT2808,,660,,,,,,,,,,,,,,,,
,EMAX,BL2832,,9100,,,,,,,,,,,,,,,,
,EMAX,CF2522,,1200,,,,,,,,,,,,,,,,
,EMAX,RS1108,,4500,,,,,,,,,,,,,,,,
VIVAFPV,EMAX,LITESPEC LS2207,,2550,,,,,,,,,,,,,,,,
,EMAX,GT2812,,1840,,,,,,,,,,,,,,,,
,EMAX,GB2808,,70,,,,,,,,,,,,,,,,
,EMAX,PM1806,,2300,,,,,,,,,,,,,,,,
,EMAX,RSII 2207CW,,2550,,,,,,,,,,,,,,,,
,EMAX,ECO MICRO 1407,,2800,,,,,,,,,,,,,,,,
,EMAX,BL3526,,860,,,,,,,,,,,,,,,,
,EMAX,GT4020,,620,,,,,,,,,,,,,,,,
,EMAX,GT5345,,220,,,,,,,,,,,,,,,,
,EMAX,MT3510,,600,,,,,,,,,,,,,,,,
,EMAX,RSII 2207CW,,1600,,,,,,,,,,,,,,,,
,EMAX,BL2826,,8400,,,,,,,,,,,,,,,,
,EMAX,GT2815,,1500,,,,,,,,,,,,,,,,
,EMAX,ECO II 2807,,1500,,,,,,,,,,,,,,,,
,EMAX,BL2210,,1300,,,,,,,,,,,,,,,,
,EMAX,MT2204,,2300,,,,,,,,,,,,,,,,
,EMAX,MT2212,,900,,,,,,,,,,,,,,,,
,EMAX,BL2205,,1650,,,,,,,,,,,,,,,,
,EMAX,GT5335,,200,,,,,,,,,,,,,,,,
,EMAX,RS2205S,,2600,,,,,,,,,,,,,,,,
,EMAX,RS2205,,2600,,,,,,,,,,,,,,,,
,EMAX,RSII 2207CW,,1600,,,,,,,,,,,,,,,,
,EMAX,FS2306,,1700,,,,,,,,,,,,,,,,
,EMAX,PULSAR 2207,,2450,,,,,,,,,,,,,,,,
,EMAX,LITESPEC LS2207,,1900,,,,,,,,,,,,,,,,
,EMAX,MT4008,,600,,,,,,,,,,,,,,,,
,EMAX,GT5345,,170,,,,,,,,,,,,,,,,
,EMAX,GT2812,,1060,,,,,,,,,,,,,,,,
,EMAX,RS1408,,2300,,,,,,,,,,,,,,,,
,EMAX,GT4030,,253,,,,,,,,,,,,,,,,
,EMAX,GB2210,,110,,,,,,,,,,,,,,,,
,EMAX,GB4008,,66,,,,,,,,,,,,,,,,
,EMAX,ECO II 2306,,1900,,,,,,,,,,,,,,,,
,EMAX,BL2820,,8680,,,,,,,,,,,,,,,,
,EMAX,RS2205,,2600,,,,,,,,,,,,,,,,
,EMAX,ECO II 2807,,1700,,,,,,,,,,,,,,,,
,EMAX,ECO 2207,,1900,,,,,,,,,,,,,,,,
,EMAX,GT4020,,470,,,,,,,,,,,,,,,,
,EMAX,PULSAR 2207,,1750,,,,,,,,,,,,,,,,
,EMAX,GT5345,,190,,,,,,,,,,,,,,,,
,EMAX,GTII2212T,,2200,,,,,,,,,,,,,,,,
,EMAX,BL4030,,385,,,,,,,,,,,,,,,,
,EMAX,ECO MICRO 1106,,6000,,,,,,,,,,,,,,,,
,EMAX,RD2205,,2600,,,,,,,,,,,,,,,,
,EMAX,XT2216,,910,,,,,,,,,,,,,,,,
,EMAX,ECO MICRO 1404,,3700,,,,,,,,,,,,,,,,
,EMAX,MT4114,,340,,,,,,,,,,,,,,,,
,EMAX,GT2215,,905,,,,,,,,,,,,,,,,
,EMAX,BL2810,,8500,,,,,,,,,,,,,,,,
,EMAX,MT2206,,1500,,,,,,,,,,,,,,,,
,EMAX,GT2826,,860,,,,,,,,,,,,,,,,
,EMAX,XT2216,,1290,,,,,,,,,,,,,,,,
,EMAX,GT2203,,1560,,,,,,,,,,,,,,,,
,EMAX,RS2205S,,2300,,,,,,,,,,,,,,,,
,EMAX,GT5325,,325,,,,,,,,,,,,,,,,
,EMAX,MT1806,,2280,,,,,,,,,,,,,,,,
,EMAX,ECO MICRO 1106,,4500,,,,,,,,,,,,,,,,
,EMAX,BL2826,,9100,,,,,,,,,,,,,,,,
,EMAX,MT4008,,380,,,,,,,,,,,,,,,,
,EMAX,RS1306B V2,,4000,,,,,,,,,,,,,,,,
,EMAX,RS1108,,5200,,,,,,,,,,,,,,,,
,EMAX,FS2208,,2500,,,,,,,,,,,,,,,,
,EMAX,GT3226,,710,,,,,,,,,,,,,,,,
,EMAX,BL5345,,195,,,,,,,,,,,,,,,,
,EMAX,RS1606,,3300,,,,,,,,,,,,,,,,
,EMAX,XT2212,,1250,,,,,,,,,,,,,,,,
,EMAX,ECO 2306,,2400,,,,,,,,,,,,,,,,
,EMAX,GT2812,,1550,,,,,,,,,,,,,,,,
,EMAX,RS2205,,2300,,,,,,,,,,,,,,,,
,EMAX,ECO II 2807,,1300,,,,,,,,,,,,,,,,
,EMAX,BL2810,,8050,,,,,,,,,,,,,,,,
,EMAX,ECO MICRO 1407,,4100,,,,,,,,,,,,,,,,
,EMAX,BL5335,,230,,,,,,,,,,,,,,,,
,EMAX,RSII 2207CW,,2550,,,,,,,,,,,,,,,,
,EMAX,ECO II 2306,,2400,,,,,,,,,,,,,,,,
,EMAX,RS2205S,,2300,,,,,,,,,,,,,,,,
,EMAX,MT2213,,920,,,,,,,,,,,,,,,,
,EMAX,GTII2212T,,2450,,,,,,,,,,,,,,,,
,EMAX,MT4008,,470,,,,,,,,,,,,,,,,
,EMAX,ECO II 2306,,1700,,,,,,,,,,,,,,,,
,EMAX,RS1104,,5250,,,,,,,,,,,,,,,,
,EMAX,PM1306,,3000,,,,,,,,,,,,,,,,
,EMAX,FS2306,,2400,,,,,,,,,,,,,,,,
,EMAX,MT2204 II,,2300,,,,,,,,,,,,,,,,
,EMAX,GB4006,,87,,,,,,,,,,,,,,,,
,EMAX,RS2205,,2300,,,,,,,,,,,,,,,,
,EMAX,MT2216,,810,,,,,,,,,,,,,,,,
,EMAX,ECO II 2207,,2400,,,,,,,,,,,,,,,,
,EMAX,RS1408,,3600,,,,,,,,,,,,,,,,
,EMAX,MT2213,,935,,,,,,,,,,,,,,,,
,EMAX,BL2215,,950,,,,,,,,,,,,,,,,
,EMAX,ECO II 2207,,1700,,,,,,,,,,,,,,,,
,EMAX,LITESPEC LS2206,,2700,,,,,,,,,,,,,,,,
,EMAX,MT2206,,1900,,,,,,,,,,,,,,,,
,EMAX,LITESPEC LS2207,,2400,,,,,,,,,,,,,,,,
,EMAX,XT2212,,980,,,,,,,,,,,,,,,,
,EMAX,ECO MICRO 1404,,6000,,,,,,,,,,,,,,,,
,EMAX,GT2215,,1100,,,,,,,,,,,,,,,,
,EMAX,CF2812,,1534,,,,,,,,,,,,,,,,
,EMAX,ECO 2306,,1700,,,,,,,,,,,,,,,,
,EMAX,RS2205S,,2600,,,,,,,,,,,,,,,,
,EMAX,GT5335,,220,,,,,,,,,,,,,,,,
,EMAX,MT1806,,1430,,,,,,,,,,,,,,,,
,EMAX,LITESPEC LS2206,,2300,,,,,,,,,,,,,,,,
,EMAX,BL2215,,1200,,,,,,,,,,,,,,,,
,EMAX,RD2205,,2300,,,,,,,,,,,,,,,,
,EMAX,LITESPEC LS2206,,2550,,,,,,,,,,,,,,,,
,EMAX,GT5325,,260,,,,,,,,,,,,,,,,
,EMAX,ECO 2207,,2400,,,,,,,,,,,,,,,,
,EMAX,RS2205S,,2600,,,,,,,,,,,,,,,,
,EMAX,GT2215,,1180,,,,,,,,,,,,,,,,
,EMAX,XA2212,,980,,,,,,,,,,,,,,,,
,EMAX,GT4030,,420,,,,,,,,,,,,,,,,
,EMAX,MT3515,,650,,,,,,,,,,,,,,,,
,EMAX,GT2210,,1780,,,,,,,,,,,,,,,,
,EMAX,RS1306B V2,,2700,,,,,,,,,,,,,,,,
,EMAX,BL2815,,920,,,,,,,,,,,,,,,,
,EMAX,GT2812,,1180,,,,,,,,,,,,,,,,
,EMAX,GT5335,,250,,,,,,,,,,,,,,,,
,EMAX,GT2815,,1280,,,,,,,,,,,,,,,,
,EMAX,RS1108,,6000,,,,,,,,,,,,,,,,
,EMAX,ECO II 2207,,1900,,,,,,,,,,,,,,,,
,EMAX,CF2805,,2840,,,,,,,,,,,,,,,,
,EMAX,XA2212,,1400,,,,,,,,,,,,,,,,
,EMAX,GTII2212T,,1800,,,,,,,,,,,,,,,,
,EMAX,GB4114,,42,,,,,,,,,,,,,,,,
,EMAX,ECO MICRO 1407,,3300,,,,,,,,,,,,,,,,
,EMAX,BL2210,,1560,,,,,,,,,,,,,,,,
,EMAX,BL4020,,522,,,,,,,,,,,,,,,,
,ETHIX,KONASTY 2407,,2200,,,,,,,,,,,,,,,,
,ETHIX,STOUT V3,,1700,,,,,,,,,,,,,,,,
,ETHIX,FLAT RATS 1507,,2800,,,,,,,,,,,,,,,,
,ETHIX,SILK V2,,2345,,,,,,,,,,,,,,,,
,ETHIX,CATS 2207,,2400,,,,,,,,,,,,,,,,
,ETHIX,STOUT V3,,1750,,,,,,,,,,,,,,,,
,ETHIX,KONASTY 2407,,1739,,,,,,,,,,,,,,,,
,ETHIX,SILK V3,,2345,,,,,,,,,,,,,,,,
,ETHIX,CATS 2207,,1750,,,,,,,,,,,,,,,,
,Fabricant,REFERENCE,Date de Sortie,KV,Hauteur Moteur (mm),Diametre Moteur,Poids (g) ,Lipo,Shaft,Type Shaft,Entraxe (mm),Conso Repos,Conso Max,Puissance,Configuration,RÃ©sistance,Cable,Format Trou,,
,FLASHHOBBY,BE1806-G,,1400,,,,,,,,,,,,,,,,
,FLASHHOBBY,D2830,,1000,,,,,,,,,,,,,,,,
,FLASHHOBBY,D3536,,910,,,,,,,,,,,,,,,,
,FLASHHOBBY,D3548,,900,,,,,,,,,,,,,,,,
,FLASHHOBBY,BGM5208-75HS,,,,,,,,,,,,,,,,,,
,FLASHHOBBY,D2830,,1300,,,,,,,,,,,,,,,,
,FLASHHOBBY,A2207.5,,2450,,,,,,,,,,,,,,,,
,FLASHHOBBY,D3542,,1000,,,,,,,,,,,,,,,,
,FLASHHOBBY,BGM5208-75T,,,,,,,,,,,,,,,,,,
,FLASHHOBBY,A2306.5,,1400,,,,,,,,,,,,,,,,
,FLASHHOBBY,D4215,,650,,,,,,,,,,,,,,,,
,FLASHHOBBY,BGM5208-200HS,,,,,,,,,,,,,,,,,,
,FLASHHOBBY,H2830,,3250,,,,,,,,,,,,,,,,
,FLASHHOBBY,K2207.5,,2750,,,,,,,,,,,,,,,,
,FLASHHOBBY,A2306.5,,2300,,,,,,,,,,,,,,,,
,FLASHHOBBY,D2822,,1800,,,,,,,,,,,,,,,,
,FLASHHOBBY,K2306.5,,1900,,,,,,,,,,,,,,,,
,FLASHHOBBY,A1408(1.5),,3650,,,,,,,,,,,,,,,,
,FLASHHOBBY,H2836,,3500,,,,,,,,,,,,,,,,
,FLASHHOBBY,D2822,,1100,,,,,,,,,,,,,,,,
,FLASHHOBBY,BX1306,,3100,,,,,,,,,,,,,,,,
,FLASHHOBBY,D2225,,1350,,,,,,,,,,,,,,,,
,FLASHHOBBY,A1207,,6000,,,,,,,,,,,,,,,,
,FLASHHOBBY,D2826,,2200,,,,,,,,,,,,,,,,
,FLASHHOBBY,GM80-90T,,,,,,,,,,,,,,,,,,
,FLASHHOBBY,D2836,,1500,,,,,,,,,,,,,,,,
,FLASHHOBBY,BE1806-B,,1400,,,,,,,,,,,,,,,,
,FLASHHOBBY,BX1306,,4000,,,,,,,,,,,,,,,,
,FLASHHOBBY,BE1806-B,,2300,,,,,,,,,,,,,,,,
,FLASHHOBBY,D2225,,2000,,,,,,,,,,,,,,,,
,FLASHHOBBY,D3548,,790,,,,,,,,,,,,,,,,
,FLASHHOBBY,H2836,,4000,,,,,,,,,,,,,,,,
,FLASHHOBBY,D2836,,750,,,,,,,,,,,,,,,,
,FLASHHOBBY,A2207.5,,1900,,,,,,,,,,,,,,,,
,FLASHHOBBY,D3536,,1250,,,,,,,,,,,,,,,,
,FLASHHOBBY,D2225,,1600,,,,,,,,,,,,,,,,
,FLASHHOBBY,BGM2608-80T,,,,,,,,,,,,,,,,,,
,FLASHHOBBY,A1408(1.5),,2800,,,,,,,,,,,,,,,,
,FLASHHOBBY,A1207,,7000,,,,,,,,,,,,,,,,
,FLASHHOBBY,D3536,,1000,,,,,,,,,,,,,,,,
,FLASHHOBBY,A1408,,3650,,,,,,,,,,,,,,,,
,FLASHHOBBY,A1106,,6500,,,,,,,,,,,,,,,,
,FLASHHOBBY,A1207,,5200,,,,,,,,,,,,,,,,
,FLASHHOBBY,D2826,,1400,,,,,,,,,,,,,,,,
,FLASHHOBBY,A1506,,4300,,,,,,,,,,,,,,,,
,FLASHHOBBY,D3542,,1250,,,,,,,,,,,,,,,,
,FLASHHOBBY,CF2822,,1534,,,,,,,,,,,,,,,,
,FLASHHOBBY,D3542,,1450,,,,,,,,,,,,,,,,
,FLASHHOBBY,BE1806-G,,2300,,,,,,,,,,,,,,,,
,FLASHHOBBY,A2306.5,,2550,,,,,,,,,,,,,,,,
,FLASHHOBBY,A2306.5,,1900,,,,,,,,,,,,,,,,
,FLASHHOBBY,D3548,,1100,,,,,,,,,,,,,,,,
,FLASHHOBBY,K2306.5,,2300,,,,,,,,,,,,,,,,
,FLASHHOBBY,D3530,,1700,,,,,,,,,,,,,,,,
,FLASHHOBBY,D2830,,850,,,,,,,,,,,,,,,,
,FLASHHOBBY,K2207.5,,2450,,,,,,,,,,,,,,,,
,FLASHHOBBY,D3530,,1100,,,,,,,,,,,,,,,,
,FLASHHOBBY,D2812,,1600,,,,,,,,,,,,,,,,
,FLASHHOBBY,A1204,,5200,,,,,,,,,,,,,,,,
,FLASHHOBBY,K2207.5,,1900,,,,,,,,,,,,,,,,
,FLASHHOBBY,D3536,,1450,,,,,,,,,,,,,,,,
,FLASHHOBBY,A1404,,4300,,,,,,,,,,,,,,,,
,FLASHHOBBY,CF2822,,1200,,,,,,,,,,,,,,,,
,FLASHHOBBY,D2830,,750,,,,,,,,,,,,,,,,
,FLASHHOBBY,D2822,,1450,,,,,,,,,,,,,,,,
,FLASHHOBBY,A1506,,3100,,,,,,,,,,,,,,,,
,FLASHHOBBY,D3530,,1400,,,,,,,,,,,,,,,,
,FLASHHOBBY,D2826,,930,,,,,,,,,,,,,,,,
,FLASHHOBBY,D2836,,880,,,,,,,,,,,,,,,,
,FLASHHOBBY,A1408,,2800,,,,,,,,,,,,,,,,
,FLASHHOBBY,A2207.5,,2750,,,,,,,,,,,,,,,,
,FLASHHOBBY,D2836,,1120,,,,,,,,,,,,,,,,
,FLASHHOBBY,CF2822,,2840,,,,,,,,,,,,,,,,
,FLASHHOBBY,BGM4108-130T-8.5,,,,,,,,,,,,,,,,,,
,FLASHHOBBY,H2830,,3500,,,,,,,,,,,,,,,,
,FLASHHOBBY,H2830,,4000,,,,,,,,,,,,,,,,
,FLASHHOBBY,K2306.5,,2550,,,,,,,,,,,,,,,,
,FLASHHOBBY,GM60-80T,,,,,,,,,,,,,,,,,,
,FLASHHOBBY,D2822,,2600,,,,,,,,,,,,,,,,
,FLASHHOBBY,BGM2606-90T,,,,,,,,,,,,,,,,,,
,FLASHHOBBY,BGM4114-100T-8.5,,,,,,,,,,,,,,,,,,
,FLASHHOBBY,D2826,,1000,,,,,,,,,,,,,,,,
,FPCCREATE,BOOSTER 2207 V2,,1900,,,,,,,,,,,,,,,,
,FPCCREATE,XILO STEALTH 2206,,1700,,,,,,,,,,,,,,,,
,FPCCREATE,XILO STEALTH 2206,,2600,,,,,,,,,,,,,,,,
,FPCCREATE,BOOSTER 2207 V2,,2700,,,,,,,,,,,,,,,,
,FPCCREATE,BOOSTER 2207,,1750,,,,,,,,,,,,,,,,
,FPVCYCLE,1202.5,,11500,,,,,,,,,,,,,,,,
,FPVCYCLE,HEAVY MOTOR,,,,,,,,,,,,,,,,,,
,FPVCYCLE,2203/4,,3450,,,,,,,,,,,,,,,,
,FPVCYCLE,1303,,5000,,,,,,,,,,,,,,,,
,FPVCYCLE,2203/4,,2800,,,,,,,,,,,,,,,,
,FPVCYCLE,2207,,1450,,,,,,,,,,,,,,,,
,KO,METHOD F 2307,,2540,,,,,,,,,,,,,,,,
,KO,METHOD SWR 2210,,2200,,,,,,,,,,,,,,,,
,KO,METHOD SS 2210,,2500,,,,,,,,,,,,,,,,
,KO,METHOD SWR 2210,,2200,,,,,,,,,,,,,,,,
,KO,DEMON SEED 2208,,2050,,,,,,,,,,,,,,,,
,KO,DEMON SEED 2208,,1750,,,,,,,,,,,,,,,,
,KO,METHOD D 2210,,2600,,,,,,,,,,,,,,,,
,KO,METHOD R 2207.5,,2000,,,,,,,,,,,,,,,,
,KO,METHOD X 5025,,430,,,,,,,,,,,,,,,,
,KO,METHOD D 2210,,2250,,,,,,,,,,,,,,,,
,KO,DEMON SEED 2208,,2540,,,,,,,,,,,,,,,,
,KO,METHOD R 2207.5,,1850,,,,,,,,,,,,,,,,
,KO,METHOD F 2307,,1800,,,,,,,,,,,,,,,,
,KO,METHOD SS 2210,,2500,,,,,,,,,,,,,,,,
,KO,METHOD F 2307,,2000,,,,,,,,,,,,,,,,
,LIL,FLOATERS 1103,,8000,,,,,,,,,,,,,,,,
,PYRODRONE,HYPERLIGHT 2204,,2722,,,,,,,,,,,,,,,,
,PYRODRONE,HYPERLIGHT 2205.5,,2722,,,,,,,,,,,,,,,,
,PYRODRONE,HYPERLIGHT 1303.5,,8022,,,,,,,,,,,,,,,,
,PYRODRONE,HYPERLIGHT 2306.5,,1922,,,,,,,,,,,,,,,,
,PYRODRONE,HYPERLIGHT 2205.5,,2522,,,,,,,,,,,,,,,,
,PYRODRONE,HYPERLIGHT 2306.5,,1722,,,,,,,,,,,,,,,,
,PYRODRONE,HYPERLIGHT 1404.5,,4522,,,,,,,,,,,,,,,,
,PYRODRONE,HYPERLIGHT 1103,,8022,,,,,,,,,,,,,,,,
,PYRODRONE,HYPERLIGHT 2206.5,,1922,,,,,,,,,,,,,,,,
,PYRODRONE,HYPERLIGHT 2207.5,,1922,,,,,,,,,,,,,,,,
,PYRODRONE,HYPERLIGHT 1106,,7122,,,,,,,,,,,,,,,,
,PYRODRONE,HYPERLIGHT 2207.5,,2522,,,,,,,,,,,,,,,,
,PYRODRONE,HYPERLIGHT 2207.5,,2522,,,,,,,,,,,,,,,,
,PYRODRONE,HYPERLIGHT 1804.5,,2522,,,,,,,,,,,,,,,,
,PYRODRONE,HYPERLIGHT 1204.5,,5022,,,,,,,,,,,,,,,,
,PYRODRONE,HYPERLIGHT 1408,,4022,,,,,,,,,,,,,,,,
,PYRODRONE,HYPERLIGHT 2207.5,,1722,,,,,,,,,,,,,,,,
,PYRODRONE,HYPERLIGHT 2207.5,,1722,,,,,,,,,,,,,,,,
,PYRODRONE,HYPERLIGHT 1804.5,,1922,,,,,,,,,,,,,,,,
,PYRODRONE,HYPERLIGHT 2307,,1722,,,,,,,,,,,,,,,,
,PYRODRONE,HYPERLIGHT 2208.5,,2522,,,,,,,,,,,,,,,,
,PYRODRONE,HYPERLIGHT 2207.5,,1722,,,,,,,,,,,,,,,,
,PYRODRONE,HYPERLIGHT 1408,,2722,,,,,,,,,,,,,,,,
,PYRODRONE,HYPERLIGHT 2205.5,,1922,,,,,,,,,,,,,,,,
,PYRODRONE,HYPERLIGHT 2405,,1722,,,,,,,,,,,,,,,,
,PYRODRONE,HYPERLIGHT 2408.5,,1622,,,,,,,,,,,,,,,,
,PYRODRONE,HYPERLIGHT 2207.5,,1922,,,,,,,,,,,,,,,,
,PYRODRONE,HYPERLIGHT 2408.5,,1922,,,,,,,,,,,,,,,,
,PYRODRONE,HYPERLIGHT 2408.5,,2522,,,,,,,,,,,,,,,,
,PYRODRONE,HYPERLIGHT 1404.5,,3622,,,,,,,,,,,,,,,,
,PYRODRONE,HYPERLIGHT 1404.5,,2722,,,,,,,,,,,,,,,,
,PYRODRONE,HYPERLIGHT 2307,,2522,,,,,,,,,,,,,,,,
,PYRODRONE,HYPERLIGHT 2408.5,,1322,,,,,,,,,,,,,,,,
,PYRODRONE,HYPERLIGHT 2207.5,,2222,,,,,,,,,,,,,,,,
,PYRODRONE,HYPERLIGHT 1804.5,,3022,,,,,,,,,,,,,,,,
,PYRODRONE,HYPERLIGHT 2206.5,,2522,,,,,,,,,,,,,,,,
,PYRODRONE,HYPERLIGHT 1103.5,,12022,,,,,,,,,,,,,,,,
,PYRODRONE,HYPERLIGHT 1303.5,,5022,,,,,,,,,,,,,,,,
,PYRODRONE,HYPERLIGHT 2207.5,,2222,,,,,,,,,,,,,,,,
,PYRODRONE,HYPERLIGHT 2206.5,,2722,,,,,,,,,,,,,,,,
,PYRODRONE,HYPERLIGHT 2204,,3022,,,,,,,,,,,,,,,,
,PYRODRONE,HYPERLIGHT 1407,,3022,,,,,,,,,,,,,,,,
,PYRODRONE,HYPERLIGHT 2205.5,,1722,,,,,,,,,,,,,,,,
,PYRODRONE,HYPERLIGHT 2408.5,,2222,,,,,,,,,,,,,,,,
,PYRODRONE,HYPERLIGHT 1103.5,,8022,,,,,,,,,,,,,,,,
,PYRODRONE,HYPERLIGHT 2208.5,,1522,,,,,,,,,,,,,,,,
,PYRODRONE,HYPERLIGHT 2206.5,,1722,,,,,,,,,,,,,,,,
,PYRODRONE,HYPERLIGHT 1106,,5122,,,,,,,,,,,,,,,,
,PYRODRONE,HYPERLIGHT 1408,,3022,,,,,,,,,,,,,,,,
,PYRODRONE,HYPERLIGHT 2204,,1722,,,,,,,,,,,,,,,,
,PYRODRONE,HYPERLIGHT 2208.5,,2222,,,,,,,,,,,,,,,,
,PYRODRONE,HYPERLIGHT 1408,,3622,,,,,,,,,,,,,,,,
,PYRODRONE,HYPERLIGHT 2204,,2522,,,,,,,,,,,,,,,,
,PYRODRONE,HYPERLIGHT 2208.5,,1722,,,,,,,,,,,,,,,,
,PYRODRONE,HYPERLIGHT 2207.5,,2722,,,,,,,,,,,,,,,,
,PYRODRONE,HYPERLIGHT 1204.5,,8022,,,,,,,,,,,,,,,,
,PYRODRONE,HYPERLIGHT 2206.5,,1922,,,,,,,,,,,,,,,,
,PYRODRONE,HYPERLIGHT 2306.5,,2522,,,,,,,,,,,,,,,,
,ROTORRIOT,HYPERTRAIN CRICKET 2306.6,,1750,,,,,,,,,,,,,,,,
,ROTORRIOT,HYPERTRAIN ACRO 2207,,2450,,,,,,,,,,,,,,,,
,ROTORRIOT,HYPERTRAIN DRIB V2 2306,,2650,,,,,,,,,,,,,,,,
,ROTORRIOT,HYPERTRAIN BLASTER 2207,,2450,,,,,,,,,,,,,,,,
,ROTORRIOT,HYPERTRAIN VOT3X 2207,,2650,,,,,,,,,,,,,,,,
,ROTORRIOT,HYPERTRAIN VANOVER 2207.5,,1860,,,,,,,,,,,,,,,,
,ROTORRIOT,F1507,,2700,,,,,,,,,,,,,,,,
,ROTORRIOT,HYPERTRAIN DAB 1104,,7500,,,,,,,,,,,,,,,,
,ROTORRIOT,F1507,,3800,,,,,,,,,,,,,,,,
,ROTORRIOT,HYPERTRAIN FREESTYLE V2 2306,,2450,,,,,,,,,,,,,,,,
,ROTORRIOT,HYPERTRAIN BLASTER 2207,,1800,,,,,,,,,,,,,,,,
,ROTORRIOT,HYPERTRAIN CRICKET 2306.5,,2550,,,,,,,,,,,,,,,,
,ROTORX,RX1407,,2800,,,,,,,,,,,,,,,,
,ROTORX,RX1105,,4000,,,,,,,,,,,,,,,,
,ROTORX,RX1107,,7600,,,,,,,,,,,,,,,,
,ROTORX,RX1105B,,6500,,,,,,,,,,,,,,,,
,ROTORX,RX1404,,3600,,,,,,,,,,,,,,,,
,SPCMAKER,SUNNYSKY 1106,,5500,,,,,,,,,,,,,,,,
,SPCMAKER,1103,,8000,,,,,,,,,,,,,,,,
,SPCMAKER,1103,,10000,,,,,,,,,,,,,,,,
,SPCMAKER,1103,,8500,,,,,,,,,,,,,,,,
,SPCMAKER,S1104,,7500,,,,,,,,,,,,,,,,
,SPCMAKER,GALLOPING G2204,,3000,,,,,,,,,,,,,,,,
,SPCMAKER,GALLOPING G2204,,1800,,,,,,,,,,,,,,,,
,SPCMAKER,SUNNYSKY 1106,,8000,,,,,,,,,,,,,,,,
,SPCMAKER,1103,,11000,,,,,,,,,,,,,,,,
,SPCMAKER,GALLOPING G1505,,3450,,,,,,,,,,,,,,,,
,TATTU,2305,,2450,,,,,,,,,,,,,,,,
,TBS,CAIPRINHA 2,,1030,,,,,,,,,,,,,,,,
,TBS,MICRO 0603,,12000,,,,,,,,,,,,,,,,
,TBS,GRINDER 2207,,1850,,,,,,,,,,,,,,,,
,TBS,PODRACER 1505,,3600,,,,,,,,,,,,,,,,
,TBS,MICRO 0603,,15000,,,,,,,,,,,,,,,,
,TBS,GRINDER 2207,,2500,,,,,,,,,,,,,,,,
,TINYWHOOP,603,,19000,,,,,,,,,,,,,,,,
,TINYWHOOP,802,,20500,,,,,,,,,,,,,,,,
,TINYWHOOP,802,,17500,,,,,,,,,,,,,,,,
,TINYWHOOP,603,,16000,,,,,,,,,,,,,,,,
,TINYWHOOP,802,,22000,,,,,,,,,,,,,,,,
,TINYWHOOP,802,,27000,,,,,,,,,,,,,,,,
,TINYWHOOP,803,,12000,,,,,,,,,,,,,,,,
,TINYWHOOP,803,,20000,,,,,,,,,,,,,,,,
,TINYWHOOP,802,,19000,,,,,,,,,,,,,,,,
,TINYWHOOP,603,,23000,,,,,,,,,,,,,,,,
,TRANSTEC,2207 NEXT,,1850,,,,,,,,,,,,,,,,
,TRANSTEC,1106 NEXT,,4350,,,,,,,,,,,,,,,,
,TRANSTEC,2207 NEXT,,2500,,,,,,,,,,,,,,,,
,TRANSTEC,802 TINYWHOOP,,22000,,,,,,,,,,,,,,,,
,UMMAGAWD,AEROLITE 2004,,1600,,,,,,,,,,,,,,,,
,UMMAGAWD,HEX 2306,,1777,,,,,,,,,,,,,,,,
,UMMAGAWD,AEROLITE 2004,,2400,,,,,,,,,,,,,,,,
,VIVAFPV,2207,,2650,,,,,,,,,,,,,,,,
,MB,PRIMO 2410,,1750,,,,,,,,,,,,,,,,
,MB,PRIMO 2410,,1950,,,,,,,,,,,,,,,,
,MB,PRIMO 2410,,2150,,,,,,,,,,,,,,,,
,MB,PRIMO 2208,,1950,,,,,,,,,,,,,,,,
,MB,PRIMO 2208,,2350,,,,,,,,,,,,,,,,
,MB,PRIMO 2208,,2550,,,,,,,,,,,,,,,,
,MB,PRIMO 2208,,2150,,,,,,,,,,,,,,,,
,MB,PRIMO 2208,,1750,,,,,,,,,,,,,,,,
,MB,PRIMO 2207,,2450,,,,,,,,,,,,,,,,
,MB,PRIMO 2207,,2550,,,,,,,,,,,,,,,,
,MB,PRIMO 2207,,2650,,,,,,,,,,,,,,,,
,MB,TIGER 4008,,600,,,,,,,,,,,,,,,,
,LDARC,GT1102,,12800,,,,,,,,,,,,,,,,
,LDARC,GT1103,,10000,,,,,,,,,,,,,,,,
,LDARC,MB2204,,2250,,,,,,,,,,,,,,,,
,LDARC,XT1102,,9300,,,,,,,,,,,,,,,,
,LDARC,XT1103,,6500,,,,,,,,,,,,,,,,
,LDARC,XT1103,,7800,,,,,,,,,,,,,,,,
,LDARC,XT1104,,7500,,,,,,,,,,,,,,,,
,LDARC,XT1105,,4250,,,,,,,,,,,,,,,,
,LDARC,XT1105,,5000,,,,,,,,,,,,,,,,
,LDARC,XT1304,,4100,,,,,,,,,,,,,,,,
,LDARC,XT1304,,6200,,,,,,,,,,,,,,,,
,LDARC,XT1305,,3600,,,,,,,,,,,,,,,,
,LDARC,XT1406,,3600,,,,,,,,,,,,,,,,
,LDARC,XT1408,,3750,,,,,,,,,,,,,,,,
,LDARC,XT1806,,2500,,,,,,,,,,,,,,,,
,LDARC,XT2306,,2500,,,,,,,,,,,,,,,,
,LDARC,XT11015,,6100,,,,,,,,,,,,,,,,
,AIRBOT,E1806,,2300,,,,,,,,,,,,,,,,
,AIRBOT,MR COPPER 2306,,2700,,,,,,,,,,,,,,,,
,AIRBOT,MR COPPER 2306,,2400,,,,,,,,,,,,,,,,
,AIRBOT,HEXA 2208,,1800,,,,,,,,,,,,,,,,
,AIRBOT,HEXA 2208,,2700,,,,,,,,,,,,,,,,
,FLYWOO,NIN 2806.5 V2,,1350,,,,,,,,,,,,,,,,
,FLYWOO,NIN 2806.5 V2,,1750,,,,,,,,,,,,,,,,
,FLYWOO,ROBO RB 2207 SE,,1750,,,,,,,,,,,,,,,,
,FLYWOO,ROBO RB 2207 SE,,2450,,,,,,,,,,,,,,,,
,FLYWOO,NIN 1103 V2,,7650,,,,,,,,,,,,,,,,
,FLYWOO,NIN 1103 V2,,10500,,,,,,,,,,,,,,,,
,FLYWOO,NIN 1404 V2,,2750,,,,,,,,,,,,,,,,
,FLYWOO,NIN 1404 V2,,3750,,,,,,,,,,,,,,,,
,FLYWOO,NIN 1404 V2,,4850,,,,,,,,,,,,,,,,
,FLYWOO,NIN 2306.5 V2,,1350,,,,,,,,,,,,,,,,
,FLYWOO,NIN 2306.5 V2,,1750,,,,,,,,,,,,,,,,
,FLYWOO,NIN 2306.5 V2,,2450,,,,,,,,,,,,,,,,
,FLYWOO,ROBO RB 1204,,5150,,,,,,,,,,,,,,,,
,FLYWOO,ROBO RB 1204,,8150,,,,,,,,,,,,,,,,
,FLYWOO,ROBO RB 1202.5,,5500,,,,,,,,,,,,,,,,
,FLYWOO,ROBO RB 1202.5,,11500,,,,,,,,,,,,,,,,
,FLYWOO,ROBO RB 1202.5,,5800,,,,,,,,,,,,,,,,
,FLYWOO,ROBO RB 1202.5,,11500,,,,,,,,,,,,,,,,
,FLYWOO,NIN 2306.5 V2,,1350,,,,,,,,,,,,,,,,
,FLYWOO,NIN 2306.5 V2,,1750,,,,,,,,,,,,,,,,
,FLYWOO,NIN 2306.5 V2,,2450,,,,,,,,,,,,,,,,